Model_Variant,Accuracy,Precision,Recall,F1,Size (MB),Avg Latency (ms),RAM Usage (MB)
simple_cnn_Original_Keras,0.7615894039735099,0.7784358639972128,0.7615894039735099,0.7659979867835318,1.3146600723266602,140.30112615988486,0.90625
simple_cnn_FP32,0.7615894039735099,0.7784358639972128,0.7615894039735099,0.7659979867835318,0.4242706298828125,9.332425164950036,3.609375
simple_cnn_FP16,0.7615894039735099,0.7784358639972128,0.7615894039735099,0.7659979867835318,0.21563720703125,9.070881453900913,3.51953125
simple_cnn_INT8,0.38741721854304634,0.27174218059900346,0.38741721854304634,0.312792541005851,0.1158905029296875,7.452599998387749,1.14453125
complex_cnn_Original_Keras,0.8675496688741722,0.8668903415903365,0.8675496688741722,0.8669312705080147,3.6016693115234375,144.35305795401015,0.2421875
complex_cnn_FP32,0.8675496688741722,0.8668903415903365,0.8675496688741722,0.8669312705080147,1.1658210754394531,37.240106953980266,6.26171875
complex_cnn_FP16,0.8675496688741722,0.8668903415903365,0.8675496688741722,0.8669312705080147,0.5892677307128906,37.723355629367276,6.26171875
complex_cnn_INT8,0.3609271523178808,0.13026840928029473,0.3609271523178808,0.19144067933162534,0.309051513671875,25.758315562748578,3.26171875
deeper_cnn_Original_Keras,0.8642384105960265,0.8651533381167631,0.8642384105960265,0.8645710281632333,14.530238151550293,135.59093808104586,0.3046875
deeper_cnn_FP32,0.8642384105960265,0.8651533381167631,0.8642384105960265,0.8645710281632333,4.775398254394531,31.18090728407306,8.28125
deeper_cnn_FP16,0.8642384105960265,0.8651533381167631,0.8642384105960265,0.8645710281632333,2.397663116455078,32.900900329040695,8.26171875
deeper_cnn_INT8,0.3609271523178808,0.13026840928029473,0.3609271523178808,0.19144067933162534,1.240570068359375,21.04572880479649,3.76953125
