Class ID,Class Name,Object Geometry,Object Orientation (deg),Wrist Rotation,Grasp Type,Latency (ms),FPS
1,bottle,Cylindrical,95.03,Left,Full Grasp,98.48,10.2
1,bottle,Cylindrical,92.68,Left,Full Grasp,68.0,14.7
1,bottle,Cylindrical,92.07,Left,Full Grasp,64.5,15.5
1,bottle,Cylindrical,93.84,Left,Full Grasp,64.32,15.5
1,bottle,Cylindrical,92.04,Left,Full Grasp,63.03,15.9
1,bottle,Cylindrical,94.21,Left,Full Grasp,64.29,15.6
1,bottle,Cylindrical,92.99,Left,Full Grasp,61.94,16.1
1,bottle,Cylindrical,92.13,Left,Full Grasp,66.26,15.1
1,bottle,Cylindrical,93.29,Left,Full Grasp,69.41,14.4
1,bottle,Cylindrical,93.96,Left,Full Grasp,66.74,15.0
1,bottle,Cylindrical,93.25,Left,Full Grasp,68.63,14.6
1,bottle,Cylindrical,95.52,Left,Full Grasp,83.07,12.0
1,bottle,Cylindrical,92.3,Left,Full Grasp,66.09,15.1
1,bottle,Cylindrical,92.29,Left,Full Grasp,72.38,13.8
1,bottle,Cylindrical,91.4,Left,Full Grasp,64.26,15.6
1,bottle,Cylindrical,93.09,Left,Full Grasp,62.43,16.0
1,bottle,Cylindrical,92.23,Left,Full Grasp,60.39,16.6
1,bottle,Cylindrical,91.52,Left,Full Grasp,62.47,16.0
1,bottle,Cylindrical,90.59,Left,Full Grasp,70.1,14.3
1,bottle,Cylindrical,91.98,Left,Full Grasp,78.78,12.7
1,bottle,Cylindrical,91.37,Left,Full Grasp,73.48,13.6
1,bottle,Cylindrical,93.02,Left,Full Grasp,58.71,17.0
1,bottle,Cylindrical,90.79,Left,Full Grasp,62.75,15.9
1,bottle,Cylindrical,90.22,Left,Full Grasp,61.36,16.3
1,bottle,Cylindrical,91.99,Left,Full Grasp,60.28,16.6
1,bottle,Cylindrical,90.8,Left,Full Grasp,64.17,15.6
1,bottle,Cylindrical,93.6,Left,Full Grasp,64.25,15.6
1,bottle,Cylindrical,92.9,Left,Full Grasp,78.15,12.8
1,bottle,Cylindrical,92.32,Left,Full Grasp,69.97,14.3
1,bottle,Cylindrical,93.03,Left,Full Grasp,79.69,12.5
1,bottle,Cylindrical,95.09,Left,Full Grasp,65.24,15.3
1,bottle,Cylindrical,91.78,Left,Full Grasp,67.18,14.9
1,bottle,Cylindrical,89.66,Right,Full Grasp,79.71,12.5
1,bottle,Cylindrical,88.63,Right,Full Grasp,68.23,14.7
1,bottle,Cylindrical,-89.97,Right,Full Grasp,80.08,12.5
1,bottle,Cylindrical,-89.48,Right,Full Grasp,69.99,14.3
1,bottle,Cylindrical,-90.62,Right,Full Grasp,81.04,12.3
1,bottle,Cylindrical,89.97,Right,Full Grasp,61.51,16.3
1,bottle,Cylindrical,-89.67,Right,Full Grasp,60.69,16.5
1,bottle,Cylindrical,90.27,Left,Full Grasp,60.01,16.7
1,bottle,Cylindrical,91.76,Left,Full Grasp,58.49,17.1
1,bottle,Cylindrical,91.27,Left,Full Grasp,61.6,16.2
1,bottle,Cylindrical,89.28,Right,Full Grasp,77.22,13.0
1,bottle,Cylindrical,-89.13,Right,Full Grasp,72.75,13.7
1,bottle,Cylindrical,90.72,Left,Full Grasp,62.14,16.1
1,bottle,Cylindrical,90.44,Left,Full Grasp,58.38,17.1
1,bottle,Cylindrical,90.3,Left,Full Grasp,60.74,16.5
1,bottle,Cylindrical,-90.7,Right,Full Grasp,62.76,15.9
1,bottle,Cylindrical,92.21,Left,Full Grasp,66.53,15.0
1,bottle,Cylindrical,92.08,Left,Full Grasp,61.56,16.2
1,bottle,Cylindrical,91.68,Left,Full Grasp,66.52,15.0
1,bottle,Cylindrical,90.83,Left,Full Grasp,74.62,13.4
1,bottle,Cylindrical,91.49,Left,Full Grasp,60.46,16.5
1,bottle,Cylindrical,91.04,Left,Full Grasp,61.51,16.3
1,bottle,Cylindrical,90.74,Left,Full Grasp,63.03,15.9
1,bottle,Cylindrical,91.47,Left,Full Grasp,64.07,15.6
1,bottle,Cylindrical,90.12,Left,Full Grasp,63.05,15.9
1,bottle,Cylindrical,-90.12,Right,Full Grasp,60.0,16.7
1,bottle,Cylindrical,-90.2,Right,Full Grasp,62.74,15.9
1,bottle,Cylindrical,90.39,Left,Full Grasp,63.74,15.7
1,bottle,Cylindrical,91.03,Left,Full Grasp,63.96,15.6
1,bottle,Cylindrical,90.06,Left,Full Grasp,61.34,16.3
1,bottle,Cylindrical,90.43,Left,Full Grasp,61.82,16.2
1,bottle,Cylindrical,91.03,Left,Full Grasp,63.81,15.7
1,bottle,Cylindrical,90.78,Left,Full Grasp,65.23,15.3
1,bottle,Cylindrical,90.54,Left,Full Grasp,69.24,14.4
1,bottle,Cylindrical,91.12,Left,Full Grasp,72.37,13.8
1,bottle,Cylindrical,90.53,Left,Full Grasp,70.4,14.2
1,bottle,Cylindrical,-88.87,Right,Full Grasp,72.51,13.8
1,bottle,Cylindrical,91.35,Left,Full Grasp,71.96,13.9
1,bottle,Cylindrical,91.93,Left,Full Grasp,84.73,11.8
1,bottle,Cylindrical,92.09,Left,Full Grasp,84.68,11.8
1,bottle,Cylindrical,92.05,Left,Full Grasp,89.64,11.2
1,bottle,Cylindrical,92.96,Left,Full Grasp,72.08,13.9
1,bottle,Cylindrical,91.99,Left,Full Grasp,64.31,15.5
1,bottle,Cylindrical,92.21,Left,Full Grasp,64.75,15.4
1,bottle,Cylindrical,92.15,Left,Full Grasp,60.26,16.6
1,bottle,Cylindrical,91.62,Left,Full Grasp,92.46,10.8
1,bottle,Cylindrical,92.63,Left,Full Grasp,78.35,12.8
1,bottle,Cylindrical,91.62,Left,Full Grasp,84.56,11.8
1,bottle,Cylindrical,92.77,Left,Full Grasp,105.18,9.5
1,bottle,Cylindrical,92.31,Left,Full Grasp,100.46,10.0
1,bottle,Cylindrical,91.88,Left,Full Grasp,76.2,13.1
1,bottle,Cylindrical,-88.33,Right,Full Grasp,65.45,15.3
1,bottle,Cylindrical,92.68,Left,Full Grasp,65.72,15.2
1,bottle,Cylindrical,92.49,Left,Full Grasp,63.21,15.8
1,bottle,Cylindrical,92.06,Left,Full Grasp,65.63,15.2
1,bottle,Cylindrical,92.09,Left,Full Grasp,68.02,14.7
1,bottle,Cylindrical,92.09,Left,Full Grasp,66.19,15.1
1,bottle,Cylindrical,91.44,Left,Full Grasp,61.97,16.1
1,bottle,Cylindrical,-88.96,Right,Full Grasp,63.11,15.8
1,bottle,Cylindrical,91.4,Left,Full Grasp,64.73,15.4
1,bottle,Cylindrical,91.84,Left,Full Grasp,60.85,16.4
1,bottle,Cylindrical,-88.68,Right,Full Grasp,67.87,14.7
1,bottle,Cylindrical,91.57,Left,Full Grasp,63.58,15.7
1,bottle,Cylindrical,-88.98,Right,Full Grasp,58.72,17.0
1,bottle,Cylindrical,91.34,Left,Full Grasp,65.63,15.2
1,bottle,Cylindrical,90.83,Left,Full Grasp,65.34,15.3
1,bottle,Cylindrical,92.28,Left,Full Grasp,70.15,14.3
1,bottle,Cylindrical,92.27,Left,Full Grasp,66.09,15.1
1,bottle,Cylindrical,91.31,Left,Full Grasp,67.06,14.9
1,bottle,Cylindrical,91.31,Left,Full Grasp,64.15,15.6
1,bottle,Cylindrical,91.95,Left,Full Grasp,62.64,16.0
1,bottle,Cylindrical,-89.11,Right,Full Grasp,79.53,12.6
1,bottle,Cylindrical,92.68,Left,Full Grasp,71.36,14.0
1,bottle,Cylindrical,91.2,Left,Full Grasp,71.09,14.1
1,bottle,Cylindrical,-89.1,Right,Full Grasp,95.63,10.5
1,bottle,Cylindrical,91.4,Left,Full Grasp,92.38,10.8
1,bottle,Cylindrical,-88.67,Right,Full Grasp,97.51,10.3
1,bottle,Cylindrical,-88.7,Right,Full Grasp,99.01,10.1
1,bottle,Cylindrical,-88.99,Right,Full Grasp,101.5,9.9
1,bottle,Cylindrical,-89.7,Right,Full Grasp,102.21,9.8
1,bottle,Cylindrical,-89.79,Right,Full Grasp,97.55,10.3
1,bottle,Cylindrical,-89.58,Right,Full Grasp,98.37,10.2
1,bottle,Cylindrical,89.44,Right,Full Grasp,90.73,11.0
1,bottle,Cylindrical,88.49,Right,Full Grasp,67.52,14.8
1,bottle,Cylindrical,89.06,Right,Full Grasp,64.92,15.4
1,bottle,Cylindrical,89.16,Right,Full Grasp,62.35,16.0
1,bottle,Cylindrical,89.33,Right,Full Grasp,63.79,15.7
1,bottle,Cylindrical,-89.68,Right,Full Grasp,66.47,15.0
1,bottle,Cylindrical,89.58,Right,Full Grasp,70.23,14.2
1,bottle,Cylindrical,90.14,Left,Full Grasp,64.73,15.4
1,bottle,Cylindrical,89.83,Right,Full Grasp,62.3,16.1
1,bottle,Cylindrical,90.06,Left,Full Grasp,65.17,15.3
1,bottle,Cylindrical,88.61,Right,Full Grasp,64.17,15.6
1,bottle,Cylindrical,89.39,Right,Full Grasp,64.74,15.4
1,bottle,Cylindrical,88.62,Right,Full Grasp,71.51,14.0
1,bottle,Cylindrical,88.94,Right,Full Grasp,91.18,11.0
1,bottle,Cylindrical,88.74,Right,Full Grasp,105.54,9.5
1,bottle,Cylindrical,89.13,Right,Full Grasp,73.48,13.6
1,bottle,Cylindrical,88.39,Right,Full Grasp,73.68,13.6
1,bottle,Cylindrical,88.57,Right,Full Grasp,66.3,15.1
1,bottle,Cylindrical,88.4,Right,Full Grasp,66.62,15.0
1,bottle,Cylindrical,88.08,Right,Full Grasp,64.48,15.5
1,bottle,Cylindrical,88.06,Right,Full Grasp,78.11,12.8
1,bottle,Cylindrical,87.82,Right,Full Grasp,65.24,15.3
1,bottle,Cylindrical,88.28,Right,Full Grasp,63.15,15.8
1,bottle,Cylindrical,88.74,Right,Full Grasp,66.25,15.1
1,bottle,Cylindrical,88.25,Right,Full Grasp,70.07,14.3
1,bottle,Cylindrical,87.86,Right,Full Grasp,66.72,15.0
1,bottle,Cylindrical,87.99,Right,Full Grasp,68.11,14.7
1,bottle,Cylindrical,87.09,Right,Full Grasp,67.46,14.8
1,bottle,Cylindrical,88.05,Right,Full Grasp,63.63,15.7
1,bottle,Cylindrical,87.29,Right,Full Grasp,67.32,14.9
1,bottle,Cylindrical,87.28,Right,Full Grasp,68.8,14.5
1,bottle,Cylindrical,87.99,Right,Full Grasp,74.97,13.3
1,bottle,Cylindrical,87.42,Right,Full Grasp,70.63,14.2
1,bottle,Cylindrical,87.97,Right,Full Grasp,71.64,14.0
1,bottle,Cylindrical,86.75,Right,Full Grasp,64.74,15.4
1,bottle,Cylindrical,87.85,Right,Full Grasp,66.29,15.1
1,bottle,Cylindrical,89.83,Right,Full Grasp,75.69,13.2
1,bottle,Cylindrical,88.05,Right,Full Grasp,63.37,15.8
1,bottle,Cylindrical,86.48,Right,Full Grasp,70.58,14.2
1,bottle,Cylindrical,87.66,Right,Full Grasp,77.78,12.9
1,bottle,Cylindrical,90.16,Left,Full Grasp,72.08,13.9
1,bottle,Cylindrical,86.6,Right,Full Grasp,68.63,14.6
1,bottle,Cylindrical,88.43,Right,Full Grasp,68.05,14.7
1,bottle,Cylindrical,88.15,Right,Full Grasp,66.09,15.1
1,bottle,Cylindrical,88.38,Right,Full Grasp,66.09,15.1
1,bottle,Cylindrical,87.3,Right,Full Grasp,67.84,14.7
1,bottle,Cylindrical,86.59,Right,Full Grasp,67.45,14.8
1,bottle,Cylindrical,86.03,Right,Full Grasp,65.2,15.3
1,bottle,Cylindrical,88.42,Right,Full Grasp,65.73,15.2
1,bottle,Cylindrical,86.9,Right,Full Grasp,63.88,15.7
1,bottle,Cylindrical,88.28,Right,Full Grasp,65.16,15.3
1,bottle,Cylindrical,88.46,Right,Full Grasp,65.03,15.4
1,bottle,Cylindrical,86.48,Right,Full Grasp,65.73,15.2
1,bottle,Cylindrical,-98.65,Right,Full Grasp,78.4,12.8
1,bottle,Cylindrical,87.39,Right,Full Grasp,65.55,15.3
1,bottle,Cylindrical,-99.04,Right,Full Grasp,78.34,12.8
1,bottle,Cylindrical,86.81,Right,Full Grasp,88.28,11.3
1,bottle,Cylindrical,89.24,Right,Full Grasp,70.73,14.1
1,bottle,Cylindrical,86.32,Right,Full Grasp,77.23,12.9
1,bottle,Cylindrical,86.03,Right,Full Grasp,67.64,14.8
1,bottle,Cylindrical,87.61,Right,Full Grasp,67.98,14.7
1,bottle,Cylindrical,-98.04,Right,Full Grasp,81.64,12.2
1,bottle,Cylindrical,86.03,Right,Full Grasp,67.16,14.9
1,bottle,Cylindrical,86.07,Right,Full Grasp,64.31,15.5
1,bottle,Cylindrical,-99.42,Right,Full Grasp,77.96,12.8
1,bottle,Cylindrical,84.78,Right,Full Grasp,69.69,14.3
1,bottle,Cylindrical,85.5,Right,Full Grasp,66.45,15.0
1,bottle,Cylindrical,85.25,Right,Full Grasp,68.06,14.7
1,bottle,Cylindrical,85.04,Right,Full Grasp,69.55,14.4
1,bottle,Cylindrical,-101.02,Right,Full Grasp,83.73,11.9
1,bottle,Cylindrical,83.18,Right,Full Grasp,81.65,12.2
1,bottle,Cylindrical,-97.81,Right,Full Grasp,68.79,14.5
1,bottle,Cylindrical,-101.73,Right,Full Grasp,68.72,14.6
1,bottle,Cylindrical,-101.41,Right,Full Grasp,67.9,14.7
1,bottle,Cylindrical,-102.34,Right,Full Grasp,78.58,12.7
1,bottle,Cylindrical,-102.98,Right,Full Grasp,82.18,12.2
1,bottle,Cylindrical,-102.31,Right,Full Grasp,82.72,12.1
1,bottle,Cylindrical,-102.95,Right,Full Grasp,90.38,11.1
1,bottle,Cylindrical,-103.69,Right,Full Grasp,96.28,10.4
1,bottle,Cylindrical,-105.3,Right,Full Grasp,82.91,12.1
1,bottle,Cylindrical,-103.45,Right,Full Grasp,79.04,12.7
1,bottle,Cylindrical,-103.19,Right,Full Grasp,94.32,10.6
1,bottle,Cylindrical,-103.22,Right,Full Grasp,65.47,15.3
1,bottle,Cylindrical,-103.4,Right,Full Grasp,66.41,15.1
1,bottle,Cylindrical,81.64,Right,Full Grasp,67.33,14.9
1,bottle,Cylindrical,-104.52,Right,Full Grasp,80.48,12.4
1,bottle,Cylindrical,-105.03,Right,Full Grasp,75.69,13.2
1,bottle,Cylindrical,84.12,Right,Full Grasp,66.39,15.1
1,bottle,Cylindrical,83.36,Right,Full Grasp,69.85,14.3
1,bottle,Cylindrical,83.53,Right,Full Grasp,68.11,14.7
1,bottle,Cylindrical,84.5,Right,Full Grasp,92.09,10.9
1,bottle,Cylindrical,83.94,Right,Full Grasp,87.55,11.4
1,bottle,Cylindrical,84.07,Right,Full Grasp,70.46,14.2
1,bottle,Cylindrical,82.98,Right,Full Grasp,67.75,14.8
1,bottle,Cylindrical,81.48,Right,Full Grasp,70.26,14.2
1,bottle,Cylindrical,82.97,Right,Full Grasp,71.15,14.1
1,bottle,Cylindrical,83.86,Right,Full Grasp,85.21,11.7
1,bottle,Cylindrical,83.64,Right,Full Grasp,74.47,13.4
1,bottle,Cylindrical,82.67,Right,Full Grasp,66.85,15.0
1,bottle,Cylindrical,81.77,Right,Full Grasp,64.05,15.6
1,bottle,Cylindrical,-106.6,Right,Full Grasp,70.36,14.2
1,bottle,Cylindrical,-108.41,Right,Full Grasp,84.18,11.9
1,bottle,Cylindrical,82.4,Right,Full Grasp,70.66,14.2
1,bottle,Cylindrical,82.11,Right,Full Grasp,70.58,14.2
1,bottle,Cylindrical,81.66,Right,Full Grasp,71.24,14.0
1,bottle,Cylindrical,-110.97,Right,Full Grasp,83.14,12.0
1,bottle,Cylindrical,81.68,Right,Full Grasp,66.72,15.0
1,bottle,Cylindrical,81.57,Right,Full Grasp,68.88,14.5
1,bottle,Cylindrical,80.87,Right,Full Grasp,76.49,13.1
1,bottle,Cylindrical,80.37,Right,Full Grasp,66.27,15.1
1,bottle,Cylindrical,-112.76,Right,Full Grasp,78.83,12.7
1,bottle,Cylindrical,80.78,Right,Full Grasp,76.33,13.1
1,bottle,Cylindrical,80.78,Right,Full Grasp,75.41,13.3
1,bottle,Cylindrical,-110.78,Right,Full Grasp,67.27,14.9
1,bottle,Cylindrical,-105.96,Right,Full Grasp,70.14,14.3
1,bottle,Cylindrical,-104.24,Right,Full Grasp,64.66,15.5
1,bottle,Cylindrical,85.89,Right,Full Grasp,66.89,14.9
1,bottle,Cylindrical,87.4,Right,Full Grasp,66.99,14.9
1,bottle,Cylindrical,87.44,Right,Full Grasp,64.44,15.5
1,bottle,Cylindrical,87.97,Right,Full Grasp,73.07,13.7
1,bottle,Cylindrical,-91.47,Right,Full Grasp,67.83,14.7
1,bottle,Cylindrical,88.91,Right,Full Grasp,68.34,14.6
1,bottle,Cylindrical,-91.32,Right,Full Grasp,95.43,10.5
1,bottle,Cylindrical,-89.64,Right,Full Grasp,95.03,10.5
1,bottle,Cylindrical,-91.08,Right,Full Grasp,80.82,12.4
1,bottle,Cylindrical,89.68,Right,Full Grasp,75.22,13.3
1,bottle,Cylindrical,88.99,Right,Full Grasp,68.91,14.5
1,bottle,Cylindrical,-89.28,Right,Full Grasp,69.81,14.3
1,bottle,Cylindrical,88.0,Right,Full Grasp,68.6,14.6
1,bottle,Cylindrical,88.42,Right,Full Grasp,69.98,14.3
1,bottle,Cylindrical,87.16,Right,Full Grasp,73.86,13.5
1,bottle,Cylindrical,88.13,Right,Full Grasp,70.18,14.2
1,bottle,Cylindrical,86.84,Right,Full Grasp,67.66,14.8
1,bottle,Cylindrical,87.44,Right,Full Grasp,76.23,13.1
1,bottle,Cylindrical,88.15,Right,Full Grasp,75.25,13.3
1,bottle,Cylindrical,88.95,Right,Full Grasp,70.1,14.3
1,bottle,Cylindrical,-92.04,Right,Full Grasp,70.56,14.2
1,bottle,Cylindrical,90.2,Left,Full Grasp,68.05,14.7
1,bottle,Cylindrical,93.31,Left,Full Grasp,79.81,12.5
1,bottle,Cylindrical,91.69,Left,Full Grasp,74.16,13.5
1,bottle,Cylindrical,95.69,Left,Full Grasp,72.82,13.7
1,bottle,Cylindrical,95.9,Left,Full Grasp,77.86,12.8
1,bottle,Cylindrical,96.68,Left,Full Grasp,87.25,11.5
1,bottle,Cylindrical,93.6,Left,Full Grasp,87.71,11.4
1,bottle,Cylindrical,-90.03,Right,Full Grasp,80.77,12.4
1,bottle,Cylindrical,92.97,Left,Full Grasp,78.13,12.8
1,bottle,Cylindrical,92.13,Left,Full Grasp,93.94,10.6
1,bottle,Cylindrical,91.64,Left,Full Grasp,79.32,12.6
1,bottle,Cylindrical,91.23,Left,Full Grasp,82.21,12.2
1,bottle,Cylindrical,91.5,Left,Full Grasp,97.2,10.3
1,bottle,Cylindrical,90.96,Left,Full Grasp,83.88,11.9
1,bottle,Cylindrical,90.98,Left,Full Grasp,83.6,12.0
1,bottle,Cylindrical,91.68,Left,Full Grasp,79.9,12.5
1,bottle,Cylindrical,91.63,Left,Full Grasp,98.87,10.1
1,bottle,Cylindrical,-91.2,Right,Full Grasp,116.24,8.6
1,bottle,Cylindrical,90.99,Left,Full Grasp,139.38,7.2
1,bottle,Cylindrical,91.07,Left,Full Grasp,110.46,9.1
1,bottle,Cylindrical,94.65,Left,Full Grasp,96.26,10.4
1,bottle,Cylindrical,95.5,Left,Full Grasp,83.64,12.0
1,bottle,Cylindrical,97.84,Left,Full Grasp,79.7,12.5
1,bottle,Cylindrical,95.07,Left,Full Grasp,81.46,12.3
1,bottle,Cylindrical,94.84,Left,Full Grasp,79.67,12.6
1,bottle,Cylindrical,96.18,Left,Full Grasp,78.57,12.7
1,bottle,Cylindrical,96.94,Left,Full Grasp,80.96,12.4
1,bottle,Cylindrical,101.32,Left,Full Grasp,78.43,12.7
1,bottle,Cylindrical,101.67,Left,Full Grasp,79.05,12.6
1,bottle,Cylindrical,97.25,Left,Full Grasp,81.01,12.3
1,bottle,Cylindrical,97.36,Left,Full Grasp,97.19,10.3
1,bottle,Cylindrical,101.41,Left,Full Grasp,98.61,10.1
1,bottle,Cylindrical,104.26,Left,Full Grasp,78.1,12.8
1,bottle,Cylindrical,106.47,Left,Full Grasp,96.21,10.4
1,bottle,Cylindrical,111.17,Left,Full Grasp,93.95,10.6
1,bottle,Cylindrical,112.09,Left,Full Grasp,92.88,10.8
1,bottle,Cylindrical,106.75,Left,Full Grasp,91.23,11.0
1,bottle,Cylindrical,109.75,Left,Full Grasp,95.68,10.5
1,bottle,Cylindrical,114.68,Left,Full Grasp,83.81,11.9
1,bottle,Cylindrical,115.27,Left,Full Grasp,91.02,11.0
1,bottle,Cylindrical,119.19,Left,Full Grasp,85.72,11.7
1,bottle,Cylindrical,116.36,Left,Full Grasp,80.22,12.5
1,bottle,Cylindrical,115.93,Left,Full Grasp,81.2,12.3
1,bottle,Cylindrical,116.97,Left,Full Grasp,81.92,12.2
1,bottle,Cylindrical,115.18,Left,Full Grasp,83.77,11.9
1,bottle,Cylindrical,114.98,Left,Full Grasp,82.62,12.1
1,bottle,Cylindrical,116.74,Left,Full Grasp,81.13,12.3
1,bottle,Cylindrical,117.07,Left,Full Grasp,85.48,11.7
1,bottle,Cylindrical,119.81,Left,Full Grasp,81.74,12.2
1,bottle,Box / Complex,117.56,Left,Lateral Grasp,111.63,9.0
1,bottle,Box / Complex,108.52,Left,Lateral Grasp,113.39,8.8
1,bottle,Box / Complex,116.26,Left,Lateral Grasp,85.27,11.7
1,bottle,Box / Complex,122.18,Left,Lateral Grasp,98.05,10.2
1,bottle,Cylindrical,167.51,Left,Full Grasp,99.04,10.1
1,bottle,Cylindrical,176.66,Center,Full Grasp,90.8,11.0
1,bottle,Cylindrical,177.71,Center,Full Grasp,93.6,10.7
1,bottle,Cylindrical,177.86,Center,Full Grasp,80.36,12.4
1,bottle,Cylindrical,177.5,Center,Full Grasp,84.59,11.8
1,bottle,Cylindrical,178.55,Center,Full Grasp,87.37,11.4
1,bottle,Cylindrical,178.85,Center,Full Grasp,84.94,11.8
1,bottle,Cylindrical,-179.06,Center,Full Grasp,107.95,9.3
1,bottle,Cylindrical,-176.03,Center,Full Grasp,108.87,9.2
1,bottle,Cylindrical,-173.04,Center,Full Grasp,97.59,10.2
1,bottle,Cylindrical,-177.16,Center,Full Grasp,98.42,10.2
1,bottle,Cylindrical,-172.38,Center,Full Grasp,95.67,10.5
1,bottle,Cylindrical,-175.59,Center,Full Grasp,95.99,10.4
1,bottle,Cylindrical,-174.22,Center,Full Grasp,81.73,12.2
1,bottle,Cylindrical,-174.79,Center,Full Grasp,80.04,12.5
1,bottle,Cylindrical,177.17,Center,Full Grasp,89.89,11.1
1,bottle,Cylindrical,177.61,Center,Full Grasp,96.7,10.3
1,bottle,Cylindrical,-179.68,Center,Full Grasp,96.33,10.4
1,bottle,Cylindrical,177.98,Center,Full Grasp,102.91,9.7
1,bottle,Cylindrical,176.51,Center,Full Grasp,86.93,11.5
1,bottle,Cylindrical,-179.01,Center,Full Grasp,78.77,12.7
1,bottle,Cylindrical,-178.47,Center,Full Grasp,91.47,10.9
1,bottle,Cylindrical,179.69,Center,Full Grasp,82.78,12.1
1,bottle,Cylindrical,179.35,Center,Full Grasp,75.3,13.3
1,bottle,Cylindrical,177.74,Center,Full Grasp,82.7,12.1
1,bottle,Cylindrical,179.68,Center,Full Grasp,80.01,12.5
1,bottle,Cylindrical,179.68,Center,Full Grasp,100.8,9.9
1,bottle,Cylindrical,177.61,Center,Full Grasp,82.62,12.1
1,bottle,Cylindrical,-179.11,Center,Full Grasp,79.51,12.6
1,bottle,Cylindrical,178.84,Center,Full Grasp,84.66,11.8
1,bottle,Cylindrical,-179.76,Center,Full Grasp,86.07,11.6
1,bottle,Cylindrical,179.07,Center,Full Grasp,84.65,11.8
1,bottle,Cylindrical,176.79,Center,Full Grasp,101.41,9.9
1,bottle,Box / Complex,-165.87,Right,Lateral Grasp,105.24,9.5
1,bottle,Cylindrical,-160.92,Right,Full Grasp,114.19,8.8
1,bottle,Cylindrical,-170.19,Center,Full Grasp,119.8,8.3
1,bottle,Cylindrical,-166.59,Right,Full Grasp,83.06,12.0
1,bottle,Cylindrical,-169.86,Center,Full Grasp,81.39,12.3
1,bottle,Cylindrical,-169.49,Center,Full Grasp,77.77,12.9
1,bottle,Cylindrical,-174.49,Center,Full Grasp,76.94,13.0
1,bottle,Cylindrical,-179.09,Center,Full Grasp,94.38,10.6
1,bottle,Cylindrical,-170.89,Center,Full Grasp,95.85,10.4
1,bottle,Cylindrical,-176.98,Center,Full Grasp,145.89,6.9
1,bottle,Cylindrical,-170.97,Center,Full Grasp,85.83,11.7
1,bottle,Cylindrical,-165.69,Right,Full Grasp,85.25,11.7
1,bottle,Cylindrical,-97.23,Right,Full Grasp,78.48,12.7
1,bottle,Spherical,33.86,Right,Full Grasp,77.76,12.9
1,bottle,Spherical,-147.51,Right,Full Grasp,77.95,12.8
1,bottle,Spherical,35.91,Right,Full Grasp,95.31,10.5
1,bottle,Spherical,35.23,Right,Full Grasp,91.62,10.9
1,bottle,Spherical,-151.79,Right,Full Grasp,83.21,12.0
1,bottle,Spherical,33.01,Right,Full Grasp,80.1,12.5
1,bottle,Box / Complex,32.34,Right,Lateral Grasp,78.35,12.8
1,bottle,Cylindrical,-67.86,Right,Full Grasp,85.29,11.7
1,bottle,Cylindrical,64.62,Right,Full Grasp,87.87,11.4
1,bottle,Spherical,-177.79,Center,Full Grasp,78.38,12.8
1,bottle,Spherical,-107.99,Right,Full Grasp,80.85,12.4
1,bottle,Cylindrical,-89.13,Right,Full Grasp,75.58,13.2
1,bottle,Cylindrical,-92.77,Right,Full Grasp,78.84,12.7
1,bottle,Cylindrical,-93.01,Right,Full Grasp,80.32,12.5
1,bottle,Spherical,43.11,Right,Full Grasp,78.47,12.7
1,bottle,Spherical,38.91,Right,Full Grasp,81.31,12.3
1,bottle,Spherical,40.21,Right,Full Grasp,77.96,12.8
1,bottle,Box / Complex,38.47,Right,Lateral Grasp,84.57,11.8
1,bottle,Spherical,75.92,Right,Full Grasp,76.64,13.0
1,bottle,Spherical,71.16,Right,Full Grasp,77.54,12.9
1,bottle,Spherical,-108.33,Right,Full Grasp,80.94,12.4
1,bottle,Spherical,94.38,Left,Full Grasp,83.86,11.9
1,bottle,Spherical,-113.43,Right,Full Grasp,75.99,13.2
1,bottle,Spherical,74.09,Right,Full Grasp,79.59,12.6
1,bottle,Spherical,63.31,Right,Full Grasp,80.41,12.4
1,bottle,Spherical,80.03,Right,Full Grasp,81.41,12.3
1,bottle,Spherical,-105.72,Right,Full Grasp,93.49,10.7
1,bottle,Spherical,-101.25,Right,Full Grasp,85.22,11.7
1,bottle,Spherical,88.71,Right,Full Grasp,80.4,12.4
1,bottle,Spherical,-103.64,Right,Full Grasp,81.64,12.2
1,bottle,Spherical,92.35,Left,Full Grasp,84.37,11.9
1,bottle,Spherical,86.4,Right,Full Grasp,84.47,11.8
1,bottle,Spherical,-97.09,Right,Full Grasp,81.65,12.2
1,bottle,Spherical,93.6,Left,Full Grasp,101.51,9.9
1,bottle,Spherical,-104.64,Right,Full Grasp,119.07,8.4
1,bottle,Spherical,84.78,Right,Full Grasp,94.7,10.6
1,bottle,Spherical,-98.73,Right,Full Grasp,85.82,11.7
1,bottle,Box / Complex,-152.79,Right,Lateral Grasp,80.73,12.4
1,bottle,Spherical,95.37,Left,Full Grasp,89.39,11.2
1,bottle,Box / Complex,-89.22,Right,Lateral Grasp,83.82,11.9
1,bottle,Box / Complex,-87.95,Right,Lateral Grasp,80.89,12.4
1,bottle,Spherical,-90.09,Right,Full Grasp,86.39,11.6
1,bottle,Spherical,93.76,Left,Full Grasp,88.25,11.3
1,bottle,Box / Complex,-92.26,Right,Lateral Grasp,90.15,11.1
1,bottle,Box / Complex,-89.99,Right,Lateral Grasp,98.89,10.1
1,bottle,Box / Complex,-91.75,Right,Lateral Grasp,116.76,8.6
1,bottle,Box / Complex,-89.29,Right,Lateral Grasp,90.54,11.0
1,bottle,Box / Complex,-87.95,Right,Lateral Grasp,99.02,10.1
1,bottle,Box / Complex,-88.72,Right,Lateral Grasp,97.46,10.3
1,bottle,Box / Complex,-86.71,Right,Lateral Grasp,114.47,8.7
1,bottle,Box / Complex,-87.51,Right,Lateral Grasp,87.61,11.4
1,bottle,Box / Complex,-88.55,Right,Lateral Grasp,90.36,11.1
1,bottle,Box / Complex,-89.26,Right,Lateral Grasp,86.13,11.6
1,bottle,Box / Complex,-90.15,Right,Lateral Grasp,82.05,12.2
1,bottle,Box / Complex,-89.69,Right,Lateral Grasp,83.16,12.0
1,bottle,Box / Complex,-91.73,Right,Lateral Grasp,81.26,12.3
1,bottle,Box / Complex,-92.79,Right,Lateral Grasp,98.79,10.1
1,bottle,Box / Complex,-88.24,Right,Lateral Grasp,101.72,9.8
1,bottle,Spherical,-147.34,Right,Full Grasp,124.2,8.1
1,bottle,Box / Complex,-87.3,Right,Lateral Grasp,111.79,8.9
1,bottle,Box / Complex,-90.74,Right,Lateral Grasp,88.11,11.4
1,bottle,Box / Complex,-91.56,Right,Lateral Grasp,85.8,11.7
1,bottle,Cylindrical,-112.25,Right,Full Grasp,98.5,10.2
1,bottle,Cylindrical,-103.89,Right,Full Grasp,86.59,11.5
1,bottle,Cylindrical,-110.11,Right,Full Grasp,81.56,12.3
1,bottle,Cylindrical,178.4,Center,Full Grasp,131.15,7.6
1,bottle,Cylindrical,-178.32,Center,Full Grasp,94.59,10.6
1,bottle,Cylindrical,-175.11,Center,Full Grasp,98.35,10.2
1,bottle,Cylindrical,-173.29,Center,Full Grasp,92.36,10.8
1,bottle,Cylindrical,-175.84,Center,Full Grasp,91.63,10.9
1,bottle,Cylindrical,-177.71,Center,Full Grasp,86.76,11.5
1,bottle,Cylindrical,-174.63,Center,Full Grasp,94.3,10.6
1,bottle,Cylindrical,-175.46,Center,Full Grasp,98.2,10.2
1,bottle,Cylindrical,-173.95,Center,Full Grasp,89.32,11.2
1,bottle,Cylindrical,-178.23,Center,Full Grasp,115.87,8.6
1,bottle,Cylindrical,-175.95,Center,Full Grasp,87.69,11.4
1,bottle,Cylindrical,-179.93,Center,Full Grasp,126.32,7.9
1,bottle,Cylindrical,-179.28,Center,Full Grasp,165.54,6.0
1,bottle,Cylindrical,177.79,Center,Full Grasp,118.87,8.4
1,bottle,Cylindrical,177.18,Center,Full Grasp,99.44,10.1
1,bottle,Cylindrical,178.67,Center,Full Grasp,94.99,10.5
1,bottle,Cylindrical,-179.88,Center,Full Grasp,92.95,10.8
1,bottle,Cylindrical,-177.57,Center,Full Grasp,93.1,10.7
1,bottle,Cylindrical,176.04,Center,Full Grasp,88.27,11.3
1,bottle,Cylindrical,179.65,Center,Full Grasp,102.57,9.7
1,bottle,Cylindrical,178.38,Center,Full Grasp,105.5,9.5
1,bottle,Cylindrical,178.22,Center,Full Grasp,99.96,10.0
1,bottle,Cylindrical,176.84,Center,Full Grasp,92.97,10.8
1,bottle,Cylindrical,177.92,Center,Full Grasp,90.47,11.1
1,bottle,Cylindrical,177.22,Center,Full Grasp,89.67,11.2
1,bottle,Cylindrical,177.31,Center,Full Grasp,93.36,10.7
1,bottle,Cylindrical,177.04,Center,Full Grasp,91.99,10.9
1,bottle,Cylindrical,177.94,Center,Full Grasp,92.04,10.9
1,bottle,Cylindrical,176.45,Center,Full Grasp,89.16,11.2
1,bottle,Cylindrical,177.03,Center,Full Grasp,91.83,10.9
1,bottle,Cylindrical,175.47,Center,Full Grasp,93.27,10.7
1,bottle,Cylindrical,179.49,Center,Full Grasp,94.14,10.6
1,bottle,Cylindrical,177.15,Center,Full Grasp,96.68,10.3
1,bottle,Cylindrical,178.12,Center,Full Grasp,91.47,10.9
1,bottle,Cylindrical,178.54,Center,Full Grasp,92.57,10.8
1,bottle,Cylindrical,178.05,Center,Full Grasp,88.49,11.3
1,bottle,Cylindrical,179.33,Center,Full Grasp,90.93,11.0
1,bottle,Cylindrical,177.9,Center,Full Grasp,88.9,11.2
1,bottle,Cylindrical,176.28,Center,Full Grasp,90.31,11.1
1,bottle,Cylindrical,176.72,Center,Full Grasp,114.23,8.8
1,bottle,Cylindrical,177.78,Center,Full Grasp,114.51,8.7
1,bottle,Cylindrical,177.16,Center,Full Grasp,124.57,8.0
1,bottle,Cylindrical,179.38,Center,Full Grasp,122.85,8.1
1,bottle,Cylindrical,179.11,Center,Full Grasp,108.62,9.2
1,bottle,Cylindrical,179.12,Center,Full Grasp,116.14,8.6
1,bottle,Cylindrical,177.62,Center,Full Grasp,117.75,8.5
1,bottle,Cylindrical,179.1,Center,Full Grasp,94.26,10.6
1,bottle,Cylindrical,-179.78,Center,Full Grasp,93.44,10.7
1,bottle,Cylindrical,176.87,Center,Full Grasp,97.67,10.2
1,bottle,Cylindrical,177.63,Center,Full Grasp,96.33,10.4
1,bottle,Box / Complex,-174.98,Center,Lateral Grasp,120.98,8.3
1,bottle,Cylindrical,-157.76,Right,Full Grasp,126.44,7.9
1,bottle,Box / Complex,52.85,Right,Lateral Grasp,138.66,7.2
1,bottle,Cylindrical,-170.91,Center,Full Grasp,118.37,8.4
1,bottle,Cylindrical,-172.82,Center,Full Grasp,98.08,10.2
1,bottle,Cylindrical,-169.76,Center,Full Grasp,95.6,10.5
1,bottle,Cylindrical,-169.38,Center,Full Grasp,109.79,9.1
1,bottle,Cylindrical,160.39,Left,Full Grasp,120.41,8.3
1,bottle,Cylindrical,98.37,Left,Full Grasp,98.19,10.2
1,bottle,Cylindrical,93.41,Left,Full Grasp,88.48,11.3
1,bottle,Cylindrical,96.24,Left,Full Grasp,91.79,10.9
1,bottle,Cylindrical,96.62,Left,Full Grasp,91.74,10.9
1,bottle,Cylindrical,92.14,Left,Full Grasp,94.2,10.6
1,bottle,Cylindrical,93.63,Left,Full Grasp,108.66,9.2
1,bottle,Cylindrical,93.28,Left,Full Grasp,124.77,8.0
1,bottle,Cylindrical,93.63,Left,Full Grasp,103.14,9.7
1,bottle,Cylindrical,94.66,Left,Full Grasp,90.99,11.0
1,bottle,Cylindrical,94.64,Left,Full Grasp,96.37,10.4
1,bottle,Cylindrical,92.57,Left,Full Grasp,95.94,10.4
1,bottle,Cylindrical,91.79,Left,Full Grasp,108.63,9.2
1,bottle,Cylindrical,92.13,Left,Full Grasp,90.19,11.1
1,bottle,Cylindrical,93.2,Left,Full Grasp,90.41,11.1
1,bottle,Cylindrical,93.45,Left,Full Grasp,94.38,10.6
1,bottle,Cylindrical,92.65,Left,Full Grasp,92.4,10.8
1,bottle,Cylindrical,94.25,Left,Full Grasp,91.48,10.9
1,bottle,Cylindrical,94.3,Left,Full Grasp,104.68,9.6
1,bottle,Cylindrical,94.02,Left,Full Grasp,103.39,9.7
1,bottle,Cylindrical,93.43,Left,Full Grasp,102.56,9.8
1,bottle,Cylindrical,94.84,Left,Full Grasp,89.98,11.1
1,bottle,Cylindrical,93.81,Left,Full Grasp,103.36,9.7
1,bottle,Cylindrical,-86.8,Right,Full Grasp,90.88,11.0
1,bottle,Cylindrical,94.34,Left,Full Grasp,91.57,10.9
1,bottle,Cylindrical,94.44,Left,Full Grasp,92.93,10.8
1,bottle,Cylindrical,93.8,Left,Full Grasp,97.95,10.2
1,bottle,Cylindrical,94.43,Left,Full Grasp,98.61,10.1
1,bottle,Cylindrical,94.93,Left,Full Grasp,93.15,10.7
1,bottle,Cylindrical,95.79,Left,Full Grasp,93.89,10.7
1,bottle,Cylindrical,94.13,Left,Full Grasp,92.73,10.8
1,bottle,Cylindrical,95.58,Left,Full Grasp,90.17,11.1
1,bottle,Cylindrical,93.54,Left,Full Grasp,100.13,10.0
1,bottle,Cylindrical,94.65,Left,Full Grasp,111.13,9.0
1,bottle,Cylindrical,94.39,Left,Full Grasp,127.2,7.9
1,bottle,Cylindrical,93.88,Left,Full Grasp,137.33,7.3
1,bottle,Cylindrical,93.66,Left,Full Grasp,98.91,10.1
1,bottle,Cylindrical,94.11,Left,Full Grasp,98.2,10.2
1,bottle,Cylindrical,93.53,Left,Full Grasp,90.11,11.1
1,bottle,Cylindrical,-88.38,Right,Full Grasp,92.72,10.8
1,bottle,Cylindrical,93.06,Left,Full Grasp,150.81,6.6
1,bottle,Cylindrical,93.96,Left,Full Grasp,105.66,9.5
1,bottle,Cylindrical,94.21,Left,Full Grasp,96.44,10.4
1,bottle,Cylindrical,94.19,Left,Full Grasp,96.88,10.3
1,bottle,Cylindrical,92.13,Left,Full Grasp,116.47,8.6
1,bottle,Cylindrical,-87.36,Right,Full Grasp,112.99,8.9
1,bottle,Cylindrical,93.98,Left,Full Grasp,120.45,8.3
1,bottle,Cylindrical,93.54,Left,Full Grasp,119.02,8.4
1,bottle,Cylindrical,94.94,Left,Full Grasp,111.39,9.0
1,bottle,Cylindrical,93.92,Left,Full Grasp,91.79,10.9
1,bottle,Cylindrical,-86.0,Right,Full Grasp,107.25,9.3
1,bottle,Cylindrical,94.64,Left,Full Grasp,108.47,9.2
1,bottle,Cylindrical,93.7,Left,Full Grasp,100.84,9.9
1,bottle,Cylindrical,94.33,Left,Full Grasp,94.84,10.5
1,bottle,Cylindrical,93.0,Left,Full Grasp,93.52,10.7
1,bottle,Cylindrical,93.3,Left,Full Grasp,97.4,10.3
1,bottle,Cylindrical,93.79,Left,Full Grasp,91.73,10.9
1,bottle,Cylindrical,-87.44,Right,Full Grasp,95.6,10.5
0,apple,Cylindrical,-50.67,Right,Full Grasp,117.29,8.5
1,bottle,Cylindrical,94.35,Left,Full Grasp,98.29,10.2
1,bottle,Box / Complex,93.83,Left,Lateral Grasp,110.05,9.1
2,cup,Cylindrical,99.7,Left,Full Grasp,102.23,9.8
2,cup,Spherical,86.7,Right,Full Grasp,103.85,9.6
2,cup,Cylindrical,-88.71,Right,Full Grasp,85.7,11.7
2,cup,Cylindrical,-88.67,Right,Full Grasp,85.48,11.7
2,cup,Cylindrical,-86.98,Right,Full Grasp,93.29,10.7
2,cup,Cylindrical,97.7,Left,Full Grasp,85.72,11.7
2,cup,Spherical,104.19,Left,Full Grasp,82.73,12.1
2,cup,Cylindrical,97.99,Left,Full Grasp,97.22,10.3
2,cup,Cylindrical,-84.92,Right,Full Grasp,92.01,10.9
2,cup,Cylindrical,-85.78,Right,Full Grasp,117.18,8.5
2,cup,Cylindrical,-84.16,Right,Full Grasp,137.32,7.3
2,cup,Cylindrical,-82.34,Right,Full Grasp,120.49,8.3
2,cup,Spherical,-72.59,Right,Full Grasp,90.83,11.0
1,bottle,Box / Complex,-171.89,Center,Pinch Grasp,91.65,10.9
1,bottle,Box / Complex,-173.71,Center,Lateral Grasp,92.05,10.9
1,bottle,Cylindrical,-158.58,Right,Full Grasp,108.61,9.2
1,bottle,Cylindrical,-175.6,Center,Full Grasp,94.29,10.6
1,bottle,Cylindrical,-164.98,Right,Full Grasp,94.29,10.6
1,bottle,Box / Complex,53.01,Right,Lateral Grasp,90.89,11.0
1,bottle,Box / Complex,-112.68,Right,Lateral Grasp,91.59,10.9
1,bottle,Cylindrical,-179.36,Center,Full Grasp,97.56,10.3
1,bottle,Cylindrical,-178.41,Center,Full Grasp,94.18,10.6
1,bottle,Cylindrical,179.29,Center,Full Grasp,89.69,11.2
1,bottle,Cylindrical,178.88,Center,Full Grasp,92.14,10.9
1,bottle,Cylindrical,178.74,Center,Full Grasp,96.71,10.3
1,bottle,Cylindrical,178.66,Center,Full Grasp,115.67,8.6
1,bottle,Cylindrical,-179.92,Center,Full Grasp,92.52,10.8
1,bottle,Cylindrical,-178.66,Center,Full Grasp,93.53,10.7
1,bottle,Cylindrical,-179.76,Center,Full Grasp,91.61,10.9
1,bottle,Cylindrical,-179.53,Center,Full Grasp,90.88,11.0
1,bottle,Cylindrical,-179.24,Center,Full Grasp,107.82,9.3
1,bottle,Cylindrical,179.7,Center,Full Grasp,119.15,8.4
1,bottle,Cylindrical,-178.75,Center,Full Grasp,108.07,9.3
1,bottle,Cylindrical,-179.64,Center,Full Grasp,93.96,10.6
1,bottle,Cylindrical,-179.49,Center,Full Grasp,100.55,9.9
1,bottle,Cylindrical,-179.78,Center,Full Grasp,96.4,10.4
1,bottle,Cylindrical,-178.94,Center,Full Grasp,95.55,10.5
1,bottle,Cylindrical,179.38,Center,Full Grasp,90.05,11.1
1,bottle,Cylindrical,178.32,Center,Full Grasp,95.44,10.5
1,bottle,Cylindrical,178.91,Center,Full Grasp,163.88,6.1
1,bottle,Cylindrical,178.84,Center,Full Grasp,94.82,10.5
1,bottle,Cylindrical,178.83,Center,Full Grasp,91.22,11.0
1,bottle,Cylindrical,-179.79,Center,Full Grasp,90.35,11.1
1,bottle,Cylindrical,179.13,Center,Full Grasp,91.41,10.9
1,bottle,Cylindrical,179.57,Center,Full Grasp,102.53,9.8
1,bottle,Cylindrical,178.89,Center,Full Grasp,117.62,8.5
1,bottle,Cylindrical,-179.41,Center,Full Grasp,100.24,10.0
1,bottle,Cylindrical,179.22,Center,Full Grasp,102.0,9.8
1,bottle,Cylindrical,179.08,Center,Full Grasp,100.76,9.9
1,bottle,Cylindrical,179.07,Center,Full Grasp,101.93,9.8
1,bottle,Cylindrical,179.7,Center,Full Grasp,103.53,9.7
1,bottle,Cylindrical,-179.3,Center,Full Grasp,99.33,10.1
1,bottle,Cylindrical,-178.73,Center,Full Grasp,100.23,10.0
1,bottle,Cylindrical,-178.3,Center,Full Grasp,135.52,7.4
1,bottle,Cylindrical,179.16,Center,Full Grasp,136.58,7.3
1,bottle,Cylindrical,-178.88,Center,Full Grasp,102.86,9.7
1,bottle,Cylindrical,-179.26,Center,Full Grasp,106.97,9.3
1,bottle,Cylindrical,-179.61,Center,Full Grasp,104.89,9.5
1,bottle,Cylindrical,179.84,Center,Full Grasp,99.05,10.1
1,bottle,Cylindrical,179.5,Center,Full Grasp,93.51,10.7
1,bottle,Cylindrical,179.36,Center,Full Grasp,91.95,10.9
1,bottle,Cylindrical,-179.28,Center,Full Grasp,94.05,10.6
1,bottle,Cylindrical,-179.98,Center,Full Grasp,94.59,10.6
1,bottle,Cylindrical,179.26,Center,Full Grasp,104.11,9.6
1,bottle,Cylindrical,178.83,Center,Full Grasp,105.06,9.5
1,bottle,Cylindrical,179.91,Center,Full Grasp,101.23,9.9
1,bottle,Cylindrical,-179.66,Center,Full Grasp,90.19,11.1
1,bottle,Cylindrical,-179.33,Center,Full Grasp,87.89,11.4
1,bottle,Cylindrical,-179.51,Center,Full Grasp,106.03,9.4
1,bottle,Cylindrical,-179.95,Center,Full Grasp,104.14,9.6
1,bottle,Cylindrical,179.79,Center,Full Grasp,109.08,9.2
1,bottle,Cylindrical,-179.33,Center,Full Grasp,103.46,9.7
1,bottle,Cylindrical,-179.22,Center,Full Grasp,90.73,11.0
1,bottle,Cylindrical,-179.64,Center,Full Grasp,90.32,11.1
1,bottle,Cylindrical,-179.8,Center,Full Grasp,91.67,10.9
1,bottle,Cylindrical,-178.99,Center,Full Grasp,91.39,10.9
1,bottle,Cylindrical,-178.89,Center,Full Grasp,91.52,10.9
1,bottle,Cylindrical,179.66,Center,Full Grasp,94.38,10.6
1,bottle,Cylindrical,179.48,Center,Full Grasp,91.78,10.9
1,bottle,Cylindrical,179.47,Center,Full Grasp,92.02,10.9
1,bottle,Cylindrical,178.83,Center,Full Grasp,89.2,11.2
1,bottle,Cylindrical,179.55,Center,Full Grasp,90.04,11.1
1,bottle,Cylindrical,178.07,Center,Full Grasp,88.95,11.2
1,bottle,Cylindrical,177.7,Center,Full Grasp,89.73,11.1
1,bottle,Cylindrical,177.61,Center,Full Grasp,102.55,9.8
1,bottle,Cylindrical,178.49,Center,Full Grasp,108.76,9.2
1,bottle,Cylindrical,-179.08,Center,Full Grasp,88.29,11.3
1,bottle,Cylindrical,-179.86,Center,Full Grasp,97.58,10.2
1,bottle,Cylindrical,178.86,Center,Full Grasp,93.52,10.7
1,bottle,Cylindrical,179.25,Center,Full Grasp,89.82,11.1
1,bottle,Cylindrical,-179.86,Center,Full Grasp,94.71,10.6
1,bottle,Cylindrical,-179.47,Center,Full Grasp,97.04,10.3
1,bottle,Cylindrical,-179.91,Center,Full Grasp,130.11,7.7
1,bottle,Cylindrical,-177.69,Center,Full Grasp,124.44,8.0
1,bottle,Cylindrical,179.54,Center,Full Grasp,96.8,10.3
1,bottle,Cylindrical,-179.9,Center,Full Grasp,92.64,10.8
1,bottle,Cylindrical,-179.39,Center,Full Grasp,128.4,7.8
1,bottle,Cylindrical,-178.79,Center,Full Grasp,125.44,8.0
1,bottle,Cylindrical,-177.82,Center,Full Grasp,94.55,10.6
1,bottle,Cylindrical,-178.45,Center,Full Grasp,98.42,10.2
1,bottle,Cylindrical,-177.27,Center,Full Grasp,89.78,11.1
1,bottle,Cylindrical,-177.26,Center,Full Grasp,105.14,9.5
1,bottle,Cylindrical,-176.11,Center,Full Grasp,95.59,10.5
1,bottle,Cylindrical,-176.09,Center,Full Grasp,109.44,9.1
1,bottle,Cylindrical,-166.9,Right,Full Grasp,115.37,8.7
1,bottle,Cylindrical,-164.5,Right,Full Grasp,108.07,9.3
1,bottle,Cylindrical,-151.29,Right,Full Grasp,102.7,9.7
1,bottle,Spherical,-121.86,Right,Full Grasp,101.08,9.9
1,bottle,Spherical,-106.08,Right,Full Grasp,100.02,10.0
1,bottle,Spherical,-102.55,Right,Full Grasp,107.84,9.3
1,bottle,Spherical,-96.62,Right,Full Grasp,98.09,10.2
1,bottle,Spherical,87.91,Right,Full Grasp,96.34,10.4
1,bottle,Spherical,117.79,Left,Full Grasp,126.28,7.9
1,bottle,Cylindrical,91.46,Left,Full Grasp,99.73,10.0
1,bottle,Cylindrical,91.76,Left,Full Grasp,101.11,9.9
1,bottle,Cylindrical,94.21,Left,Full Grasp,92.12,10.9
1,bottle,Cylindrical,95.42,Left,Full Grasp,98.48,10.2
1,bottle,Cylindrical,92.9,Left,Full Grasp,91.85,10.9
1,bottle,Cylindrical,93.69,Left,Full Grasp,93.67,10.7
1,bottle,Cylindrical,94.09,Left,Full Grasp,109.38,9.1
1,bottle,Cylindrical,94.05,Left,Full Grasp,109.4,9.1
1,bottle,Cylindrical,91.63,Left,Full Grasp,104.09,9.6
1,bottle,Cylindrical,91.92,Left,Full Grasp,104.01,9.6
1,bottle,Cylindrical,92.32,Left,Full Grasp,113.41,8.8
1,bottle,Cylindrical,92.98,Left,Full Grasp,94.2,10.6
1,bottle,Cylindrical,92.55,Left,Full Grasp,98.53,10.1
1,bottle,Cylindrical,91.61,Left,Full Grasp,95.51,10.5
1,bottle,Cylindrical,93.98,Left,Full Grasp,97.01,10.3
1,bottle,Cylindrical,92.93,Left,Full Grasp,97.81,10.2
1,bottle,Cylindrical,91.85,Left,Full Grasp,94.68,10.6
1,bottle,Cylindrical,92.16,Left,Full Grasp,98.32,10.2
1,bottle,Cylindrical,92.39,Left,Full Grasp,103.74,9.6
1,bottle,Cylindrical,92.42,Left,Full Grasp,95.98,10.4
1,bottle,Cylindrical,93.85,Left,Full Grasp,93.15,10.7
1,bottle,Cylindrical,93.96,Left,Full Grasp,92.78,10.8
1,bottle,Cylindrical,93.36,Left,Full Grasp,123.71,8.1
1,bottle,Cylindrical,93.46,Left,Full Grasp,131.01,7.6
1,bottle,Cylindrical,92.98,Left,Full Grasp,99.82,10.0
1,bottle,Cylindrical,93.27,Left,Full Grasp,94.44,10.6
1,bottle,Cylindrical,93.41,Left,Full Grasp,96.06,10.4
1,bottle,Cylindrical,93.62,Left,Full Grasp,97.3,10.3
1,bottle,Cylindrical,93.37,Left,Full Grasp,96.35,10.4
1,bottle,Cylindrical,93.25,Left,Full Grasp,109.59,9.1
1,bottle,Cylindrical,93.06,Left,Full Grasp,111.53,9.0
1,bottle,Cylindrical,92.09,Left,Full Grasp,92.35,10.8
1,bottle,Cylindrical,92.42,Left,Full Grasp,102.91,9.7
1,bottle,Cylindrical,91.84,Left,Full Grasp,118.79,8.4
1,bottle,Cylindrical,91.97,Left,Full Grasp,113.41,8.8
1,bottle,Cylindrical,92.32,Left,Full Grasp,96.19,10.4
1,bottle,Cylindrical,92.29,Left,Full Grasp,94.74,10.6
1,bottle,Cylindrical,93.01,Left,Full Grasp,93.69,10.7
1,bottle,Cylindrical,92.29,Left,Full Grasp,93.84,10.7
1,bottle,Cylindrical,92.68,Left,Full Grasp,97.75,10.2
1,bottle,Cylindrical,92.38,Left,Full Grasp,91.41,10.9
1,bottle,Cylindrical,91.91,Left,Full Grasp,89.75,11.1
1,bottle,Cylindrical,91.15,Left,Full Grasp,90.38,11.1
1,bottle,Cylindrical,91.44,Left,Full Grasp,94.38,10.6
1,bottle,Cylindrical,91.57,Left,Full Grasp,94.95,10.5
1,bottle,Cylindrical,91.96,Left,Full Grasp,91.03,11.0
1,bottle,Cylindrical,91.87,Left,Full Grasp,92.81,10.8
1,bottle,Cylindrical,91.5,Left,Full Grasp,90.57,11.0
1,bottle,Cylindrical,91.59,Left,Full Grasp,92.93,10.8
1,bottle,Cylindrical,91.26,Left,Full Grasp,103.72,9.6
1,bottle,Cylindrical,91.23,Left,Full Grasp,106.43,9.4
1,bottle,Cylindrical,92.14,Left,Full Grasp,93.22,10.7
1,bottle,Cylindrical,-88.98,Right,Full Grasp,102.32,9.8
1,bottle,Cylindrical,-88.7,Right,Full Grasp,95.92,10.4
1,bottle,Cylindrical,-89.36,Right,Full Grasp,91.27,11.0
1,bottle,Cylindrical,-89.74,Right,Full Grasp,91.52,10.9
1,bottle,Cylindrical,-88.91,Right,Full Grasp,96.56,10.4
1,bottle,Cylindrical,-88.93,Right,Full Grasp,91.49,10.9
1,bottle,Cylindrical,-89.15,Right,Full Grasp,99.24,10.1
1,bottle,Cylindrical,-88.56,Right,Full Grasp,94.05,10.6
1,bottle,Cylindrical,-88.94,Right,Full Grasp,93.24,10.7
1,bottle,Cylindrical,-88.76,Right,Full Grasp,91.22,11.0
1,bottle,Cylindrical,-88.83,Right,Full Grasp,95.04,10.5
1,bottle,Cylindrical,-89.59,Right,Full Grasp,130.13,7.7
1,bottle,Cylindrical,-88.71,Right,Full Grasp,124.86,8.0
1,bottle,Cylindrical,91.28,Left,Full Grasp,96.08,10.4
1,bottle,Cylindrical,-88.63,Right,Full Grasp,92.5,10.8
1,bottle,Cylindrical,-88.75,Right,Full Grasp,99.47,10.1
1,bottle,Cylindrical,89.77,Right,Full Grasp,92.71,10.8
1,bottle,Cylindrical,-89.17,Right,Full Grasp,105.2,9.5
1,bottle,Cylindrical,-88.27,Right,Full Grasp,106.34,9.4
1,bottle,Cylindrical,-88.32,Right,Full Grasp,115.65,8.6
1,bottle,Cylindrical,-88.84,Right,Full Grasp,116.21,8.6
1,bottle,Cylindrical,-88.65,Right,Full Grasp,143.65,7.0
1,bottle,Cylindrical,-88.56,Right,Full Grasp,95.94,10.4
1,bottle,Cylindrical,-88.65,Right,Full Grasp,99.55,10.0
1,bottle,Cylindrical,-88.86,Right,Full Grasp,96.84,10.3
1,bottle,Cylindrical,-88.51,Right,Full Grasp,96.15,10.4
1,bottle,Cylindrical,-88.83,Right,Full Grasp,93.36,10.7
1,bottle,Cylindrical,-89.13,Right,Full Grasp,91.33,10.9
1,bottle,Cylindrical,-88.63,Right,Full Grasp,99.74,10.0
1,bottle,Cylindrical,-88.74,Right,Full Grasp,94.84,10.5
1,bottle,Cylindrical,89.99,Right,Full Grasp,100.36,10.0
1,bottle,Cylindrical,-89.51,Right,Full Grasp,96.12,10.4
1,bottle,Cylindrical,-89.49,Right,Full Grasp,98.13,10.2
1,bottle,Cylindrical,-89.46,Right,Full Grasp,95.67,10.5
1,bottle,Cylindrical,-88.99,Right,Full Grasp,90.93,11.0
1,bottle,Cylindrical,-89.38,Right,Full Grasp,99.97,10.0
1,bottle,Cylindrical,92.17,Left,Full Grasp,98.12,10.2
1,bottle,Cylindrical,92.63,Left,Full Grasp,117.76,8.5
1,bottle,Cylindrical,92.98,Left,Full Grasp,100.12,10.0
1,bottle,Cylindrical,93.43,Left,Full Grasp,101.9,9.8
2,cup,Cylindrical,88.84,Right,Full Grasp,89.31,11.2
2,cup,Cylindrical,-88.71,Right,Full Grasp,91.45,10.9
2,cup,Cylindrical,-86.14,Right,Full Grasp,85.72,11.7
2,cup,Spherical,-85.04,Right,Full Grasp,86.24,11.6
2,cup,Spherical,-84.2,Right,Full Grasp,90.23,11.1
2,cup,Spherical,-77.38,Right,Full Grasp,89.27,11.2
2,cup,Spherical,-76.91,Right,Full Grasp,114.61,8.7
2,cup,Cylindrical,-74.3,Right,Full Grasp,95.82,10.4
1,bottle,Spherical,179.04,Center,Full Grasp,102.24,9.8
2,cup,Spherical,172.9,Center,Full Grasp,91.02,11.0
2,cup,Box / Complex,138.46,Left,Lateral Grasp,88.34,11.3
2,cup,Spherical,134.77,Left,Full Grasp,86.7,11.5
1,bottle,Cylindrical,-179.91,Center,Full Grasp,139.65,7.2
1,bottle,Cylindrical,174.07,Center,Full Grasp,113.78,8.8
2,cup,Spherical,-59.32,Right,Full Grasp,91.37,10.9
2,cup,Box / Complex,-44.23,Right,Lateral Grasp,91.28,11.0
2,cup,Box / Complex,159.14,Left,Lateral Grasp,89.45,11.2
2,cup,Box / Complex,140.76,Left,Lateral Grasp,88.92,11.2
2,cup,Spherical,127.99,Left,Full Grasp,94.23,10.6
2,cup,Spherical,10.11,Right,Full Grasp,90.43,11.1
2,cup,Spherical,62.46,Right,Full Grasp,95.63,10.5
2,cup,Spherical,68.0,Right,Full Grasp,97.55,10.3
2,cup,Spherical,68.77,Right,Full Grasp,107.51,9.3
2,cup,Spherical,69.71,Right,Full Grasp,97.4,10.3
2,cup,Spherical,-118.89,Right,Full Grasp,107.95,9.3
2,cup,Spherical,63.71,Right,Full Grasp,116.39,8.6
2,cup,Spherical,-120.02,Right,Full Grasp,103.85,9.6
2,cup,Spherical,-113.68,Right,Full Grasp,92.3,10.8
2,cup,Spherical,67.18,Right,Full Grasp,92.39,10.8
2,cup,Spherical,-111.65,Right,Full Grasp,89.61,11.2
2,cup,Spherical,-110.91,Right,Full Grasp,88.0,11.4
2,cup,Spherical,-112.27,Right,Full Grasp,94.17,10.6
2,cup,Spherical,66.94,Right,Full Grasp,93.14,10.7
2,cup,Spherical,67.18,Right,Full Grasp,86.23,11.6
2,cup,Spherical,65.07,Right,Full Grasp,82.18,12.2
2,cup,Spherical,-113.24,Right,Full Grasp,86.57,11.6
2,cup,Spherical,-113.97,Right,Full Grasp,88.55,11.3
2,cup,Spherical,-109.87,Right,Full Grasp,90.8,11.0
2,cup,Spherical,64.09,Right,Full Grasp,84.34,11.9
2,cup,Spherical,-121.5,Right,Full Grasp,82.91,12.1
2,cup,Spherical,-122.13,Right,Full Grasp,87.9,11.4
2,cup,Spherical,-123.33,Right,Full Grasp,101.36,9.9
2,cup,Spherical,-122.66,Right,Full Grasp,88.87,11.3
2,cup,Spherical,-119.07,Right,Full Grasp,103.22,9.7
2,cup,Spherical,-121.37,Right,Full Grasp,105.6,9.5
2,cup,Spherical,-120.81,Right,Full Grasp,88.04,11.4
2,cup,Spherical,-118.67,Right,Full Grasp,91.75,10.9
2,cup,Spherical,-117.77,Right,Full Grasp,90.27,11.1
2,cup,Spherical,-112.52,Right,Full Grasp,84.82,11.8
2,cup,Spherical,-113.34,Right,Full Grasp,85.36,11.7
2,cup,Spherical,-116.34,Right,Full Grasp,91.46,10.9
2,cup,Spherical,-114.31,Right,Full Grasp,92.59,10.8
2,cup,Spherical,-113.02,Right,Full Grasp,119.76,8.3
2,cup,Spherical,-112.76,Right,Full Grasp,130.43,7.7
2,cup,Spherical,-111.24,Right,Full Grasp,91.71,10.9
2,cup,Spherical,-113.03,Right,Full Grasp,100.13,10.0
2,cup,Spherical,-112.73,Right,Full Grasp,96.12,10.4
2,cup,Spherical,-111.16,Right,Full Grasp,90.81,11.0
2,cup,Spherical,-112.49,Right,Full Grasp,130.19,7.7
2,cup,Spherical,-112.5,Right,Full Grasp,124.47,8.0
2,cup,Spherical,-111.02,Right,Full Grasp,101.62,9.8
2,cup,Spherical,-111.61,Right,Full Grasp,91.6,10.9
2,cup,Spherical,-110.01,Right,Full Grasp,90.08,11.1
2,cup,Spherical,-107.44,Right,Full Grasp,113.2,8.8
2,cup,Spherical,67.29,Right,Full Grasp,125.82,7.9
2,cup,Spherical,68.18,Right,Full Grasp,103.0,9.7
2,cup,Spherical,69.38,Right,Full Grasp,100.31,10.0
2,cup,Spherical,68.24,Right,Full Grasp,98.33,10.2
2,cup,Spherical,65.97,Right,Full Grasp,88.76,11.3
2,cup,Spherical,67.09,Right,Full Grasp,90.98,11.0
2,cup,Spherical,66.47,Right,Full Grasp,90.54,11.0
2,cup,Spherical,-110.11,Right,Full Grasp,89.92,11.1
2,cup,Spherical,67.89,Right,Full Grasp,95.11,10.5
2,cup,Spherical,68.53,Right,Full Grasp,96.32,10.4
2,cup,Spherical,69.97,Right,Full Grasp,89.99,11.1
2,cup,Spherical,-111.18,Right,Full Grasp,91.01,11.0
2,cup,Spherical,-109.02,Right,Full Grasp,85.08,11.8
2,cup,Spherical,68.42,Right,Full Grasp,90.48,11.1
2,cup,Spherical,-109.65,Right,Full Grasp,93.05,10.7
2,cup,Spherical,-109.66,Right,Full Grasp,94.02,10.6
2,cup,Spherical,-110.85,Right,Full Grasp,100.99,9.9
2,cup,Spherical,-111.91,Right,Full Grasp,86.69,11.5
2,cup,Spherical,73.32,Right,Full Grasp,86.21,11.6
2,cup,Spherical,-110.01,Right,Full Grasp,107.33,9.3
2,cup,Spherical,-122.75,Right,Full Grasp,110.27,9.1
2,cup,Spherical,-8.82,Right,Full Grasp,133.34,7.5
2,cup,Spherical,-2.57,Right,Full Grasp,118.21,8.5
2,cup,Spherical,-6.48,Right,Full Grasp,89.68,11.2
2,cup,Spherical,-23.72,Right,Full Grasp,92.62,10.8
2,cup,Spherical,44.75,Right,Full Grasp,93.52,10.7
2,cup,Spherical,49.37,Right,Full Grasp,89.46,11.2
2,cup,Spherical,44.93,Right,Full Grasp,120.47,8.3
2,cup,Spherical,51.87,Right,Full Grasp,203.89,4.9
2,cup,Spherical,65.08,Right,Full Grasp,89.95,11.1
2,cup,Spherical,56.15,Right,Full Grasp,91.81,10.9
2,cup,Spherical,65.47,Right,Full Grasp,88.23,11.3
2,cup,Spherical,68.93,Right,Full Grasp,90.21,11.1
2,cup,Spherical,-108.8,Right,Full Grasp,93.78,10.7
2,cup,Spherical,62.52,Right,Full Grasp,102.72,9.7
2,cup,Spherical,63.19,Right,Full Grasp,87.72,11.4
2,cup,Spherical,64.45,Right,Full Grasp,84.51,11.8
2,cup,Spherical,-117.37,Right,Full Grasp,87.13,11.5
2,cup,Spherical,64.48,Right,Full Grasp,92.89,10.8
2,cup,Box / Complex,67.37,Right,Lateral Grasp,93.2,10.7
2,cup,Spherical,-113.17,Right,Full Grasp,87.38,11.4
2,cup,Spherical,68.09,Right,Full Grasp,103.71,9.6
2,cup,Spherical,65.07,Right,Full Grasp,98.68,10.1
2,cup,Spherical,66.25,Right,Full Grasp,90.47,11.1
2,cup,Spherical,63.98,Right,Full Grasp,90.07,11.1
2,cup,Spherical,64.11,Right,Full Grasp,90.15,11.1
2,cup,Spherical,-118.15,Right,Full Grasp,84.86,11.8
2,cup,Spherical,66.31,Right,Full Grasp,91.04,11.0
2,cup,Spherical,64.97,Right,Full Grasp,94.04,10.6
2,cup,Spherical,65.5,Right,Full Grasp,92.26,10.8
2,cup,Spherical,63.06,Right,Full Grasp,86.4,11.6
2,cup,Spherical,-117.9,Right,Full Grasp,91.2,11.0
2,cup,Spherical,65.48,Right,Full Grasp,91.6,10.9
2,cup,Spherical,62.26,Right,Full Grasp,95.21,10.5
2,cup,Spherical,-119.28,Right,Full Grasp,88.94,11.2
2,cup,Spherical,-116.36,Right,Full Grasp,96.84,10.3
2,cup,Spherical,65.91,Right,Full Grasp,91.36,10.9
2,cup,Spherical,64.29,Right,Full Grasp,91.41,10.9
2,cup,Spherical,70.86,Right,Full Grasp,89.85,11.1
2,cup,Spherical,69.47,Right,Full Grasp,87.3,11.5
2,cup,Spherical,65.56,Right,Full Grasp,92.39,10.8
2,cup,Spherical,69.62,Right,Full Grasp,88.82,11.3
2,cup,Spherical,67.68,Right,Full Grasp,92.99,10.8
2,cup,Spherical,62.78,Right,Full Grasp,117.81,8.5
2,cup,Spherical,63.73,Right,Full Grasp,90.28,11.1
2,cup,Spherical,67.1,Right,Full Grasp,91.96,10.9
2,cup,Spherical,70.26,Right,Full Grasp,112.08,8.9
2,cup,Spherical,-109.19,Right,Full Grasp,122.33,8.2
2,cup,Spherical,74.37,Right,Full Grasp,97.09,10.3
2,cup,Spherical,73.67,Right,Full Grasp,92.04,10.9
2,cup,Spherical,63.66,Right,Full Grasp,89.93,11.1
2,cup,Spherical,70.21,Right,Full Grasp,87.61,11.4
2,cup,Spherical,67.71,Right,Full Grasp,91.91,10.9
2,cup,Spherical,69.45,Right,Full Grasp,90.78,11.0
2,cup,Spherical,67.97,Right,Full Grasp,88.76,11.3
2,cup,Spherical,67.88,Right,Full Grasp,95.58,10.5
2,cup,Spherical,67.23,Right,Full Grasp,92.47,10.8
2,cup,Spherical,65.73,Right,Full Grasp,92.3,10.8
2,cup,Spherical,67.59,Right,Full Grasp,91.09,11.0
2,cup,Spherical,-108.13,Right,Full Grasp,87.08,11.5
2,cup,Spherical,68.67,Right,Full Grasp,88.65,11.3
2,cup,Spherical,-106.23,Right,Full Grasp,86.69,11.5
2,cup,Spherical,-106.98,Right,Full Grasp,89.84,11.1
2,cup,Spherical,-105.27,Right,Full Grasp,97.51,10.3
2,cup,Spherical,-109.63,Right,Full Grasp,104.43,9.6
2,cup,Spherical,-106.68,Right,Full Grasp,94.57,10.6
2,cup,Spherical,-110.59,Right,Full Grasp,90.77,11.0
2,cup,Spherical,-107.24,Right,Full Grasp,90.69,11.0
2,cup,Spherical,-105.51,Right,Full Grasp,93.81,10.7
2,cup,Spherical,-104.7,Right,Full Grasp,115.96,8.6
2,cup,Spherical,-105.37,Right,Full Grasp,128.39,7.8
2,cup,Spherical,-104.64,Right,Full Grasp,87.68,11.4
2,cup,Spherical,-104.91,Right,Full Grasp,98.19,10.2
2,cup,Spherical,-105.77,Right,Full Grasp,88.86,11.3
2,cup,Spherical,-106.96,Right,Full Grasp,96.7,10.3
2,cup,Spherical,-105.55,Right,Full Grasp,94.85,10.5
2,cup,Spherical,-105.58,Right,Full Grasp,90.66,11.0
2,cup,Spherical,-106.96,Right,Full Grasp,108.78,9.2
2,cup,Spherical,-105.38,Right,Full Grasp,110.57,9.0
2,cup,Spherical,-104.04,Right,Full Grasp,123.05,8.1
2,cup,Spherical,-106.68,Right,Full Grasp,128.11,7.8
2,cup,Spherical,-102.48,Right,Full Grasp,122.78,8.1
2,cup,Spherical,-103.19,Right,Full Grasp,116.67,8.6
2,cup,Spherical,76.22,Right,Full Grasp,130.34,7.7
2,cup,Spherical,-98.69,Right,Full Grasp,123.46,8.1
2,cup,Spherical,-99.08,Right,Full Grasp,105.62,9.5
2,cup,Spherical,-102.43,Right,Full Grasp,129.58,7.7
2,cup,Spherical,-104.68,Right,Full Grasp,129.78,7.7
2,cup,Spherical,-106.62,Right,Full Grasp,124.61,8.0
2,cup,Spherical,-102.67,Right,Full Grasp,122.03,8.2
2,cup,Spherical,-103.78,Right,Full Grasp,117.93,8.5
2,cup,Spherical,-101.64,Right,Full Grasp,137.91,7.3
2,cup,Spherical,-102.91,Right,Full Grasp,141.87,7.0
2,cup,Spherical,74.44,Right,Full Grasp,133.01,7.5
2,cup,Spherical,-102.08,Right,Full Grasp,124.32,8.0
2,cup,Spherical,-101.38,Right,Full Grasp,125.36,8.0
2,cup,Spherical,-100.35,Right,Full Grasp,117.05,8.5
2,cup,Spherical,-102.91,Right,Full Grasp,118.08,8.5
2,cup,Spherical,-99.82,Right,Full Grasp,128.35,7.8
2,cup,Spherical,-100.6,Right,Full Grasp,136.88,7.3
2,cup,Spherical,-97.67,Right,Full Grasp,138.56,7.2
2,cup,Spherical,-99.94,Right,Full Grasp,142.09,7.0
2,cup,Spherical,-100.25,Right,Full Grasp,140.03,7.1
2,cup,Spherical,-100.48,Right,Full Grasp,133.53,7.5
2,cup,Spherical,-98.01,Right,Full Grasp,134.16,7.5
2,cup,Spherical,-100.24,Right,Full Grasp,152.64,6.6
2,cup,Spherical,-102.86,Right,Full Grasp,124.38,8.0
2,cup,Spherical,-102.57,Right,Full Grasp,121.34,8.2
2,cup,Spherical,-98.04,Right,Full Grasp,117.38,8.5
2,cup,Spherical,-102.42,Right,Full Grasp,106.88,9.4
2,cup,Spherical,75.94,Right,Full Grasp,104.61,9.6
2,cup,Spherical,78.8,Right,Full Grasp,91.67,10.9
2,cup,Spherical,-99.83,Right,Full Grasp,91.73,10.9
2,cup,Spherical,-99.15,Right,Full Grasp,86.99,11.5
2,cup,Spherical,-102.35,Right,Full Grasp,99.04,10.1
2,cup,Spherical,-101.37,Right,Full Grasp,94.63,10.6
2,cup,Spherical,-103.24,Right,Full Grasp,91.03,11.0
2,cup,Spherical,-105.7,Right,Full Grasp,90.05,11.1
2,cup,Spherical,-106.22,Right,Full Grasp,90.55,11.0
2,cup,Spherical,-103.66,Right,Full Grasp,90.2,11.1
2,cup,Spherical,-106.63,Right,Full Grasp,112.52,8.9
2,cup,Spherical,-101.82,Right,Full Grasp,98.79,10.1
2,cup,Cylindrical,-106.41,Right,Full Grasp,91.22,11.0
1,bottle,Cylindrical,172.66,Center,Full Grasp,99.8,10.0
1,bottle,Box / Complex,-175.91,Center,Lateral Grasp,98.92,10.1
1,bottle,Cylindrical,-173.04,Center,Full Grasp,104.25,9.6
1,bottle,Cylindrical,-173.27,Center,Full Grasp,99.45,10.1
1,bottle,Cylindrical,-173.01,Center,Full Grasp,100.86,9.9
1,bottle,Cylindrical,-173.03,Center,Full Grasp,106.15,9.4
1,bottle,Cylindrical,-173.09,Center,Full Grasp,139.87,7.1
1,bottle,Cylindrical,-172.09,Center,Full Grasp,149.36,6.7
1,bottle,Cylindrical,-171.7,Center,Full Grasp,101.83,9.8
0,apple,Spherical,-167.43,Right,Full Grasp,98.52,10.1
0,apple,Spherical,-171.14,Center,Full Grasp,106.27,9.4
0,apple,Cylindrical,-172.29,Center,Full Grasp,141.0,7.1
1,bottle,Cylindrical,-174.51,Center,Full Grasp,101.7,9.8
1,bottle,Cylindrical,-174.89,Center,Full Grasp,101.02,9.9
1,bottle,Cylindrical,-175.87,Center,Full Grasp,107.54,9.3
0,apple,Cylindrical,-173.91,Center,Full Grasp,141.17,7.1
1,bottle,Box / Complex,28.15,Right,Lateral Grasp,93.29,10.7
2,cup,Box / Complex,-126.31,Right,Lateral Grasp,156.94,6.4
1,bottle,Box / Complex,176.45,Center,Lateral Grasp,111.14,9.0
1,bottle,Cylindrical,172.68,Center,Full Grasp,140.08,7.1
1,bottle,Cylindrical,172.5,Center,Full Grasp,125.75,8.0
1,bottle,Cylindrical,172.5,Center,Full Grasp,124.41,8.0
1,bottle,Cylindrical,170.28,Center,Full Grasp,120.11,8.3
1,bottle,Cylindrical,170.81,Center,Full Grasp,105.76,9.5
1,bottle,Cylindrical,169.53,Left,Full Grasp,110.79,9.0
1,bottle,Cylindrical,169.83,Left,Full Grasp,104.06,9.6
1,bottle,Cylindrical,169.52,Left,Full Grasp,103.91,9.6
1,bottle,Cylindrical,168.22,Left,Full Grasp,106.68,9.4
1,bottle,Cylindrical,168.18,Left,Full Grasp,116.82,8.6
1,bottle,Cylindrical,170.35,Center,Full Grasp,139.33,7.2
1,bottle,Cylindrical,172.77,Center,Full Grasp,139.74,7.2
2,cup,Spherical,170.14,Center,Full Grasp,85.5,11.7
1,bottle,Box / Complex,-168.26,Right,Lateral Grasp,119.14,8.4
2,cup,Box / Complex,-165.06,Right,Lateral Grasp,99.16,10.1
2,cup,Spherical,93.72,Left,Full Grasp,89.62,11.2
2,cup,Box / Complex,85.6,Right,Lateral Grasp,90.71,11.0
2,cup,Spherical,84.1,Right,Full Grasp,91.98,10.9
2,cup,Spherical,82.99,Right,Full Grasp,100.64,9.9
2,cup,Spherical,85.67,Right,Full Grasp,165.06,6.1
2,cup,Spherical,86.53,Right,Full Grasp,85.75,11.7
2,cup,Spherical,85.32,Right,Full Grasp,90.88,11.0
2,cup,Spherical,86.1,Right,Full Grasp,92.8,10.8
2,cup,Spherical,-94.18,Right,Full Grasp,105.92,9.4
2,cup,Spherical,-90.03,Right,Full Grasp,87.6,11.4
2,cup,Spherical,86.77,Right,Full Grasp,91.62,10.9
2,cup,Spherical,-91.55,Right,Full Grasp,90.97,11.0
2,cup,Spherical,-91.49,Right,Full Grasp,88.26,11.3
2,cup,Spherical,-91.43,Right,Full Grasp,90.03,11.1
2,cup,Spherical,-92.08,Right,Full Grasp,87.01,11.5
2,cup,Spherical,-91.31,Right,Full Grasp,87.04,11.5
2,cup,Spherical,-91.33,Right,Full Grasp,96.26,10.4
2,cup,Spherical,-92.92,Right,Full Grasp,119.51,8.4
2,cup,Spherical,-90.06,Right,Full Grasp,129.09,7.7
2,cup,Spherical,-90.99,Right,Full Grasp,100.18,10.0
2,cup,Spherical,-90.12,Right,Full Grasp,99.79,10.0
2,cup,Spherical,-91.33,Right,Full Grasp,111.01,9.0
2,cup,Spherical,-90.91,Right,Full Grasp,127.9,7.8
2,cup,Spherical,-92.11,Right,Full Grasp,105.07,9.5
2,cup,Spherical,-91.9,Right,Full Grasp,100.31,10.0
2,cup,Spherical,-90.91,Right,Full Grasp,107.02,9.3
2,cup,Spherical,-92.11,Right,Full Grasp,112.66,8.9
2,cup,Spherical,-90.58,Right,Full Grasp,102.87,9.7
2,cup,Spherical,-90.12,Right,Full Grasp,122.48,8.2
2,cup,Spherical,-93.11,Right,Full Grasp,99.57,10.0
2,cup,Spherical,-92.43,Right,Full Grasp,89.87,11.1
2,cup,Spherical,-92.4,Right,Full Grasp,88.08,11.4
2,cup,Spherical,-90.5,Right,Full Grasp,91.97,10.9
2,cup,Spherical,91.06,Left,Full Grasp,88.8,11.3
1,bottle,Spherical,-101.25,Right,Full Grasp,91.58,10.9
1,bottle,Cylindrical,-98.73,Right,Full Grasp,87.18,11.5
1,bottle,Cylindrical,87.35,Right,Full Grasp,89.08,11.2
0,apple,Spherical,-130.31,Right,Full Grasp,108.33,9.2
0,apple,Spherical,-124.79,Right,Full Grasp,92.6,10.8
0,apple,Spherical,-122.71,Right,Full Grasp,91.11,11.0
0,apple,Spherical,-123.95,Right,Full Grasp,94.4,10.6
0,apple,Spherical,-104.44,Right,Full Grasp,89.47,11.2
0,apple,Spherical,-103.38,Right,Full Grasp,88.72,11.3
0,apple,Spherical,-95.37,Right,Full Grasp,87.58,11.4
0,apple,Spherical,-117.17,Right,Full Grasp,95.3,10.5
0,apple,Spherical,-121.22,Right,Full Grasp,88.98,11.2
0,apple,Spherical,-127.39,Right,Full Grasp,92.0,10.9
0,apple,Spherical,-125.15,Right,Full Grasp,91.97,10.9
0,apple,Spherical,-119.78,Right,Full Grasp,109.39,9.1
0,apple,Spherical,-115.91,Right,Full Grasp,93.73,10.7
0,apple,Spherical,-113.68,Right,Full Grasp,96.97,10.3
0,apple,Spherical,-94.83,Right,Full Grasp,88.44,11.3
0,apple,Spherical,-119.17,Right,Full Grasp,91.13,11.0
0,apple,Spherical,-118.79,Right,Full Grasp,83.27,12.0
0,apple,Spherical,-124.96,Right,Full Grasp,90.18,11.1
0,apple,Spherical,-122.46,Right,Full Grasp,93.21,10.7
0,apple,Spherical,-110.42,Right,Full Grasp,115.48,8.7
0,apple,Spherical,-134.64,Right,Full Grasp,129.5,7.7
0,apple,Spherical,-145.06,Right,Full Grasp,131.95,7.6
0,apple,Spherical,176.89,Center,Full Grasp,124.78,8.0
0,apple,Spherical,48.89,Right,Full Grasp,125.53,8.0
0,apple,Spherical,48.18,Right,Full Grasp,94.34,10.6
0,apple,Spherical,-121.1,Right,Full Grasp,91.02,11.0
0,apple,Spherical,-135.89,Right,Full Grasp,92.09,10.9
0,apple,Spherical,-130.57,Right,Full Grasp,91.5,10.9
0,apple,Spherical,-130.95,Right,Full Grasp,89.5,11.2
0,apple,Spherical,-133.71,Right,Full Grasp,92.5,10.8
0,apple,Spherical,-132.33,Right,Full Grasp,102.78,9.7
0,apple,Spherical,-131.52,Right,Full Grasp,94.83,10.5
0,apple,Spherical,-125.59,Right,Full Grasp,91.24,11.0
0,apple,Spherical,-123.31,Right,Full Grasp,86.78,11.5
0,apple,Spherical,-122.83,Right,Full Grasp,87.47,11.4
0,apple,Spherical,-125.29,Right,Full Grasp,85.62,11.7
0,apple,Spherical,-125.29,Right,Full Grasp,88.23,11.3
0,apple,Spherical,-123.69,Right,Full Grasp,89.6,11.2
0,apple,Spherical,-122.91,Right,Full Grasp,86.13,11.6
0,apple,Spherical,-126.22,Right,Full Grasp,90.31,11.1
0,apple,Spherical,-125.86,Right,Full Grasp,88.28,11.3
0,apple,Spherical,-122.82,Right,Full Grasp,89.06,11.2
0,apple,Spherical,-123.95,Right,Full Grasp,91.65,10.9
0,apple,Spherical,-130.92,Right,Full Grasp,85.35,11.7
0,apple,Spherical,-127.09,Right,Full Grasp,106.41,9.4
0,apple,Spherical,-126.44,Right,Full Grasp,96.29,10.4
0,apple,Spherical,-121.42,Right,Full Grasp,91.59,10.9
0,apple,Spherical,-112.46,Right,Full Grasp,92.74,10.8
0,apple,Spherical,-127.69,Right,Full Grasp,89.27,11.2
0,apple,Spherical,-125.89,Right,Full Grasp,99.95,10.0
0,apple,Spherical,-124.88,Right,Full Grasp,89.6,11.2
0,apple,Spherical,-113.08,Right,Full Grasp,118.19,8.5
0,apple,Box / Complex,-166.49,Right,Lateral Grasp,93.9,10.7
0,apple,Box / Complex,-177.26,Center,Lateral Grasp,88.15,11.3
0,apple,Box / Complex,-171.82,Center,Lateral Grasp,86.67,11.5
0,apple,Box / Complex,-169.08,Center,Lateral Grasp,83.68,12.0
0,apple,Cylindrical,-169.92,Center,Full Grasp,86.32,11.6
0,apple,Spherical,-172.45,Center,Full Grasp,90.23,11.1
0,apple,Box / Complex,-166.93,Right,Lateral Grasp,86.93,11.5
0,apple,Spherical,-163.04,Right,Full Grasp,84.41,11.8
0,apple,Box / Complex,-164.32,Right,Lateral Grasp,86.18,11.6
0,apple,Box / Complex,23.39,Right,Lateral Grasp,86.4,11.6
0,apple,Spherical,-133.41,Right,Full Grasp,91.64,10.9
0,apple,Spherical,-123.13,Right,Full Grasp,90.43,11.1
0,apple,Spherical,-132.41,Right,Full Grasp,91.29,11.0
0,apple,Spherical,48.07,Right,Full Grasp,92.28,10.8
0,apple,Spherical,46.52,Right,Full Grasp,129.97,7.7
0,apple,Spherical,-121.51,Right,Full Grasp,133.52,7.5
0,apple,Spherical,-107.36,Right,Full Grasp,131.88,7.6
0,apple,Spherical,-109.16,Right,Full Grasp,97.32,10.3
0,apple,Box / Complex,-132.53,Right,Lateral Grasp,91.35,10.9
0,apple,Box / Complex,-115.86,Right,Lateral Grasp,101.58,9.8
0,apple,Spherical,-113.58,Right,Full Grasp,89.27,11.2
0,apple,Spherical,-119.34,Right,Full Grasp,89.78,11.1
0,apple,Spherical,-124.24,Right,Full Grasp,97.18,10.3
0,apple,Box / Complex,-137.13,Right,Lateral Grasp,117.26,8.5
0,apple,Spherical,118.35,Left,Full Grasp,123.39,8.1
0,apple,Box / Complex,152.09,Left,Lateral Grasp,93.01,10.8
0,apple,Box / Complex,29.84,Right,Lateral Grasp,90.98,11.0
0,apple,Box / Complex,37.48,Right,Lateral Grasp,94.13,10.6
0,apple,Box / Complex,27.13,Right,Lateral Grasp,91.53,10.9
0,apple,Box / Complex,10.6,Right,Lateral Grasp,98.8,10.1
0,apple,Box / Complex,9.62,Right,Lateral Grasp,88.5,11.3
0,apple,Box / Complex,-168.71,Right,Lateral Grasp,88.05,11.4
0,apple,Box / Complex,9.69,Right,Lateral Grasp,90.47,11.1
0,apple,Spherical,-164.45,Right,Full Grasp,89.39,11.2
0,apple,Box / Complex,-165.71,Right,Lateral Grasp,85.71,11.7
0,apple,Box / Complex,-166.07,Right,Lateral Grasp,90.53,11.0
0,apple,Box / Complex,-0.66,Right,Lateral Grasp,105.5,9.5
0,apple,Box / Complex,152.45,Left,Lateral Grasp,127.02,7.9
0,apple,Box / Complex,-75.17,Right,Lateral Grasp,146.69,6.8
0,apple,Box / Complex,141.29,Left,Lateral Grasp,97.27,10.3
0,apple,Box / Complex,148.46,Left,Lateral Grasp,86.87,11.5
0,apple,Box / Complex,150.41,Left,Lateral Grasp,91.68,10.9
0,apple,Box / Complex,140.48,Left,Lateral Grasp,94.2,10.6
0,apple,Box / Complex,148.38,Left,Lateral Grasp,93.8,10.7
0,apple,Box / Complex,146.8,Left,Lateral Grasp,96.1,10.4
0,apple,Box / Complex,152.76,Left,Lateral Grasp,89.4,11.2
0,apple,Box / Complex,138.58,Left,Lateral Grasp,87.21,11.5
0,apple,Spherical,-56.29,Right,Full Grasp,89.97,11.1
0,apple,Box / Complex,141.66,Left,Lateral Grasp,96.38,10.4
0,apple,Box / Complex,-68.9,Right,Lateral Grasp,96.44,10.4
0,apple,Box / Complex,171.01,Center,Lateral Grasp,87.98,11.4
0,apple,Box / Complex,169.92,Left,Lateral Grasp,85.7,11.7
0,apple,Spherical,147.58,Left,Full Grasp,94.71,10.6
0,apple,Box / Complex,139.38,Left,Lateral Grasp,95.31,10.5
0,apple,Spherical,159.12,Left,Full Grasp,95.61,10.5
0,apple,Box / Complex,-59.76,Right,Lateral Grasp,86.47,11.6
0,apple,Box / Complex,142.53,Left,Lateral Grasp,84.5,11.8
0,apple,Box / Complex,-0.85,Right,Lateral Grasp,94.43,10.6
0,apple,Box / Complex,-159.24,Right,Lateral Grasp,109.53,9.1
0,apple,Box / Complex,-162.64,Right,Lateral Grasp,107.75,9.3
0,apple,Box / Complex,-176.5,Center,Lateral Grasp,95.35,10.5
0,apple,Spherical,-124.84,Right,Full Grasp,104.29,9.6
0,apple,Spherical,-131.9,Right,Full Grasp,105.95,9.4
0,apple,Spherical,-122.59,Right,Full Grasp,132.42,7.6
0,apple,Spherical,-126.73,Right,Full Grasp,131.94,7.6
0,apple,Spherical,-126.02,Right,Full Grasp,112.99,8.9
0,apple,Spherical,-123.38,Right,Full Grasp,100.81,9.9
0,apple,Spherical,-135.4,Right,Full Grasp,91.67,10.9
0,apple,Spherical,-124.19,Right,Full Grasp,88.27,11.3
0,apple,Spherical,-126.76,Right,Full Grasp,89.71,11.1
0,apple,Spherical,-121.56,Right,Full Grasp,89.8,11.1
0,apple,Spherical,-129.07,Right,Full Grasp,91.74,10.9
0,apple,Spherical,-117.0,Right,Full Grasp,84.9,11.8
0,apple,Spherical,-110.46,Right,Full Grasp,84.03,11.9
0,apple,Spherical,-108.36,Right,Full Grasp,94.88,10.5
0,apple,Spherical,-113.8,Right,Full Grasp,88.62,11.3
0,apple,Spherical,-114.55,Right,Full Grasp,92.04,10.9
0,apple,Spherical,-108.44,Right,Full Grasp,85.77,11.7
0,apple,Spherical,-108.01,Right,Full Grasp,108.31,9.2
0,apple,Spherical,-105.5,Right,Full Grasp,107.72,9.3
0,apple,Spherical,-118.38,Right,Full Grasp,87.14,11.5
0,apple,Spherical,-114.8,Right,Full Grasp,91.04,11.0
0,apple,Spherical,-120.19,Right,Full Grasp,92.91,10.8
0,apple,Spherical,-120.86,Right,Full Grasp,106.36,9.4
0,apple,Spherical,-129.32,Right,Full Grasp,91.05,11.0
0,apple,Spherical,-122.21,Right,Full Grasp,98.54,10.1
0,apple,Spherical,-123.69,Right,Full Grasp,91.56,10.9
0,apple,Spherical,-123.75,Right,Full Grasp,92.41,10.8
0,apple,Spherical,-128.29,Right,Full Grasp,91.74,10.9
0,apple,Spherical,-130.28,Right,Full Grasp,92.46,10.8
0,apple,Spherical,-127.79,Right,Full Grasp,90.53,11.0
0,apple,Spherical,-123.6,Right,Full Grasp,87.5,11.4
0,apple,Spherical,-128.66,Right,Full Grasp,89.1,11.2
0,apple,Spherical,-119.01,Right,Full Grasp,87.29,11.5
0,apple,Spherical,-122.19,Right,Full Grasp,89.2,11.2
0,apple,Spherical,-122.32,Right,Full Grasp,88.91,11.2
0,apple,Spherical,-118.8,Right,Full Grasp,86.95,11.5
0,apple,Spherical,-117.41,Right,Full Grasp,94.1,10.6
0,apple,Spherical,-123.46,Right,Full Grasp,86.45,11.6
0,apple,Spherical,-132.47,Right,Full Grasp,97.04,10.3
0,apple,Spherical,-121.29,Right,Full Grasp,100.63,9.9
0,apple,Spherical,-119.56,Right,Full Grasp,106.85,9.4
0,apple,Spherical,-124.35,Right,Full Grasp,94.23,10.6
0,apple,Spherical,-123.79,Right,Full Grasp,89.27,11.2
0,apple,Spherical,-119.64,Right,Full Grasp,89.84,11.1
0,apple,Spherical,-129.5,Right,Full Grasp,117.39,8.5
0,apple,Spherical,-123.14,Right,Full Grasp,132.23,7.6
0,apple,Spherical,-129.21,Right,Full Grasp,119.83,8.3
0,apple,Spherical,-128.45,Right,Full Grasp,120.08,8.3
0,apple,Spherical,-128.49,Right,Full Grasp,107.3,9.3
0,apple,Spherical,-131.66,Right,Full Grasp,90.21,11.1
0,apple,Spherical,-128.1,Right,Full Grasp,92.63,10.8
0,apple,Spherical,-124.44,Right,Full Grasp,90.94,11.0
0,apple,Spherical,-126.44,Right,Full Grasp,89.86,11.1
0,apple,Spherical,-125.91,Right,Full Grasp,86.79,11.5
0,apple,Spherical,-132.23,Right,Full Grasp,89.56,11.2
0,apple,Spherical,-137.31,Right,Full Grasp,92.25,10.8
0,apple,Spherical,-135.58,Right,Full Grasp,84.61,11.8
0,apple,Spherical,-135.43,Right,Full Grasp,93.69,10.7
0,apple,Spherical,-132.7,Right,Full Grasp,98.15,10.2
0,apple,Spherical,-138.69,Right,Full Grasp,95.77,10.4
0,apple,Spherical,-131.31,Right,Full Grasp,113.1,8.8
0,apple,Spherical,-131.15,Right,Full Grasp,92.11,10.9
0,apple,Spherical,-133.81,Right,Full Grasp,90.62,11.0
0,apple,Spherical,-128.92,Right,Full Grasp,93.54,10.7
0,apple,Spherical,-130.82,Right,Full Grasp,89.58,11.2
0,apple,Spherical,-131.01,Right,Full Grasp,88.85,11.3
0,apple,Spherical,-130.67,Right,Full Grasp,87.08,11.5
0,apple,Spherical,-126.09,Right,Full Grasp,88.74,11.3
0,apple,Spherical,-129.83,Right,Full Grasp,103.24,9.7
0,apple,Spherical,-131.73,Right,Full Grasp,101.15,9.9
0,apple,Spherical,-129.57,Right,Full Grasp,92.32,10.8
0,apple,Spherical,-126.89,Right,Full Grasp,107.92,9.3
0,apple,Spherical,-128.07,Right,Full Grasp,132.7,7.5
0,apple,Spherical,-129.74,Right,Full Grasp,92.59,10.8
0,apple,Spherical,-130.3,Right,Full Grasp,91.96,10.9
0,apple,Spherical,-131.59,Right,Full Grasp,96.33,10.4
0,apple,Spherical,-135.4,Right,Full Grasp,99.14,10.1
0,apple,Spherical,-129.77,Right,Full Grasp,120.53,8.3
0,apple,Spherical,-132.54,Right,Full Grasp,105.8,9.5
0,apple,Spherical,-122.62,Right,Full Grasp,106.11,9.4
0,apple,Spherical,-117.07,Right,Full Grasp,121.8,8.2
0,apple,Spherical,-144.72,Right,Full Grasp,99.31,10.1
0,apple,Spherical,-131.61,Right,Full Grasp,127.59,7.8
0,apple,Spherical,-131.28,Right,Full Grasp,127.03,7.9
0,apple,Spherical,-155.39,Right,Full Grasp,93.2,10.7
0,apple,Spherical,-147.27,Right,Full Grasp,101.72,9.8
0,apple,Spherical,-134.44,Right,Full Grasp,94.65,10.6
0,apple,Spherical,-152.03,Right,Full Grasp,92.01,10.9
0,apple,Spherical,-148.83,Right,Full Grasp,93.45,10.7
0,apple,Spherical,-153.26,Right,Full Grasp,89.05,11.2
0,apple,Spherical,-159.95,Right,Full Grasp,92.2,10.8
0,apple,Spherical,-147.59,Right,Full Grasp,92.28,10.8
0,apple,Spherical,-148.03,Right,Full Grasp,87.06,11.5
0,apple,Spherical,-155.71,Right,Full Grasp,88.14,11.3
0,apple,Spherical,-157.27,Right,Full Grasp,89.16,11.2
0,apple,Spherical,-146.21,Right,Full Grasp,104.84,9.5
0,apple,Spherical,-149.64,Right,Full Grasp,114.83,8.7
0,apple,Spherical,-148.4,Right,Full Grasp,120.45,8.3
0,apple,Spherical,-156.68,Right,Full Grasp,90.33,11.1
0,apple,Spherical,-156.93,Right,Full Grasp,93.31,10.7
0,apple,Spherical,-146.19,Right,Full Grasp,107.55,9.3
0,apple,Spherical,-153.16,Right,Full Grasp,99.61,10.0
0,apple,Spherical,-145.42,Right,Full Grasp,89.65,11.2
0,apple,Spherical,-165.73,Right,Full Grasp,94.39,10.6
0,apple,Spherical,-177.04,Center,Full Grasp,92.83,10.8
0,apple,Spherical,-160.48,Right,Full Grasp,162.45,6.2
0,apple,Spherical,-162.48,Right,Full Grasp,87.67,11.4
0,apple,Spherical,-161.9,Right,Full Grasp,95.94,10.4
0,apple,Spherical,-156.3,Right,Full Grasp,96.15,10.4
0,apple,Spherical,-151.14,Right,Full Grasp,94.1,10.6
0,apple,Spherical,-145.16,Right,Full Grasp,98.53,10.1
0,apple,Spherical,-155.47,Right,Full Grasp,91.72,10.9
0,apple,Spherical,-148.69,Right,Full Grasp,89.02,11.2
0,apple,Spherical,-143.59,Right,Full Grasp,88.17,11.3
0,apple,Spherical,-157.85,Right,Full Grasp,93.84,10.7
0,apple,Spherical,-159.51,Right,Full Grasp,106.72,9.4
0,apple,Spherical,-151.65,Right,Full Grasp,96.34,10.4
0,apple,Spherical,-148.7,Right,Full Grasp,94.97,10.5
0,apple,Spherical,-152.56,Right,Full Grasp,90.79,11.0
0,apple,Spherical,-156.46,Right,Full Grasp,90.58,11.0
0,apple,Spherical,-163.54,Right,Full Grasp,102.76,9.7
0,apple,Spherical,-163.0,Right,Full Grasp,104.2,9.6
2,cup,Box / Complex,-87.87,Right,Lateral Grasp,119.98,8.3
0,apple,Spherical,-159.22,Right,Full Grasp,127.05,7.9
2,cup,Box / Complex,-79.51,Right,Lateral Grasp,146.46,6.8
0,apple,Spherical,38.87,Right,Full Grasp,129.49,7.7
0,apple,Spherical,-140.48,Right,Full Grasp,114.31,8.7
0,apple,Spherical,-140.85,Right,Full Grasp,100.41,10.0
0,apple,Spherical,-151.25,Right,Full Grasp,108.24,9.2
0,apple,Spherical,-147.62,Right,Full Grasp,132.78,7.5
0,apple,Spherical,-145.44,Right,Full Grasp,132.14,7.6
0,apple,Spherical,-120.93,Right,Full Grasp,118.64,8.4
0,apple,Spherical,-132.37,Right,Full Grasp,94.66,10.6
0,apple,Spherical,-128.9,Right,Full Grasp,94.39,10.6
0,apple,Spherical,-122.85,Right,Full Grasp,105.58,9.5
0,apple,Spherical,-148.61,Right,Full Grasp,91.33,10.9
0,apple,Cylindrical,-156.94,Right,Full Grasp,93.61,10.7
0,apple,Cylindrical,-159.39,Right,Full Grasp,101.72,9.8
0,apple,Spherical,135.16,Left,Full Grasp,115.77,8.6
0,apple,Spherical,169.0,Left,Full Grasp,106.23,9.4
0,apple,Spherical,146.41,Left,Full Grasp,113.02,8.8
0,apple,Spherical,16.27,Right,Full Grasp,124.75,8.0
0,apple,Box / Complex,28.98,Right,Lateral Grasp,99.05,10.1
0,apple,Spherical,-144.47,Right,Full Grasp,94.6,10.6
0,apple,Spherical,-139.01,Right,Full Grasp,89.2,11.2
0,apple,Spherical,-137.06,Right,Full Grasp,90.3,11.1
0,apple,Spherical,-137.55,Right,Full Grasp,89.38,11.2
0,apple,Spherical,-130.94,Right,Full Grasp,92.5,10.8
0,apple,Spherical,-128.37,Right,Full Grasp,83.58,12.0
0,apple,Spherical,-121.2,Right,Full Grasp,87.97,11.4
0,apple,Spherical,-123.02,Right,Full Grasp,86.09,11.6
0,apple,Spherical,-129.69,Right,Full Grasp,87.35,11.4
0,apple,Spherical,-128.54,Right,Full Grasp,95.14,10.5
0,apple,Spherical,-118.15,Right,Full Grasp,91.71,10.9
0,apple,Spherical,-121.16,Right,Full Grasp,103.46,9.7
0,apple,Spherical,-113.51,Right,Full Grasp,89.08,11.2
0,apple,Spherical,-121.24,Right,Full Grasp,89.2,11.2
0,apple,Spherical,-132.8,Right,Full Grasp,96.01,10.4
0,apple,Spherical,-113.19,Right,Full Grasp,98.2,10.2
0,apple,Spherical,-132.15,Right,Full Grasp,92.42,10.8
0,apple,Spherical,-132.64,Right,Full Grasp,88.57,11.3
0,apple,Spherical,-128.17,Right,Full Grasp,84.59,11.8
0,apple,Spherical,-121.11,Right,Full Grasp,113.37,8.8
0,apple,Spherical,-115.37,Right,Full Grasp,100.86,9.9
0,apple,Spherical,-120.87,Right,Full Grasp,123.88,8.1
0,apple,Spherical,-120.69,Right,Full Grasp,132.66,7.5
